candidate_id,C_pF,tau_th_ns,C_th_pJ_per_K,gamma,mean_feature_score,sustained_currents,worst_feature_score
26,8.0,13.026,0.04836243837768271,0.1569637099004186,20.447116122675677,2,33.0484067865435
69,12.0,13.026,0.04836243837768271,0.5,22.42132346750074,2,38.44670958527813
54,8.0,9.0,0.03341485839084481,0.5,24.726353658343044,2,34.36645760014727
62,12.0,11.90870637629186,0.0442141930202159,0.5,25.545507211432962,2,39.27440248763196
33,8.0,18.0,0.06682971678168961,0.1569637099004186,26.068489073425976,2,46.758905474456455
83,12.0,24.0,0.0891062890422528,0.5,26.155605676034416,0,54.546564381615234
68,8.0,13.026,0.04836243837768271,0.5,26.183211345746354,0,45.22202647020777
67,6.835494476281913,13.026,0.04836243837768271,0.5,26.371549202130584,1,40.2574406220207
60,6.835494476281913,11.90870637629186,0.0442141930202159,0.5,26.499301406471115,1,40.54879299332773
18,6.835494476281913,11.90870637629186,0.0442141930202159,0.1569637099004186,27.163021063125274,2,48.48092784559822
25,6.835494476281913,13.026,0.04836243837768271,0.1569637099004186,27.359721385593485,2,46.65910202577702
34,12.0,18.0,0.06682971678168961,0.1569637099004186,28.495053148695003,2,40.73308315040879
40,8.0,24.0,0.0891062890422528,0.1569637099004186,29.37780918801788,0,45.127917286030396
87,4.0,6.0,0.0222765722605632,0.956269682,30.226245166457577,2,38.43359452522723
102,6.835494476281913,11.90870637629186,0.0442141930202159,0.956269682,30.423378457060455,1,39.27078627787643
32,6.835494476281913,18.0,0.06682971678168961,0.1569637099004186,30.951920828020842,1,41.24876448675196
75,8.0,18.0,0.06682971678168961,0.5,32.957875976402214,0,42.15860443292374
41,12.0,24.0,0.0891062890422528,0.1569637099004186,33.63117915470061,2,56.1780865215135
110,8.0,13.026,0.04836243837768271,0.956269682,33.915125419118944,2,44.64574913777423
53,6.835494476281913,9.0,0.03341485839084481,0.5,34.23920740008766,1,42.1808144700901
103,8.0,11.90870637629186,0.0442141930202159,0.956269682,34.58971981469508,2,46.1040945978383
76,12.0,18.0,0.06682971678168961,0.5,36.87248775244242,1,57.93827156795621
125,12.0,24.0,0.0891062890422528,0.956269682,37.95011577327284,1,56.477324186005575
61,8.0,11.90870637629186,0.0442141930202159,0.5,38.11539809856384,1,45.35942680370236
95,6.835494476281913,9.0,0.03341485839084481,0.956269682,38.635510336103515,2,60.762225742639856
19,8.0,11.90870637629186,0.0442141930202159,0.1569637099004186,41.052480359615686,2,55.70576367588693
118,12.0,18.0,0.06682971678168961,0.956269682,43.03618902507106,2,60.885599079637345
27,12.0,13.026,0.04836243837768271,0.1569637099004186,44.130154290714096,2,63.81099300060458
109,6.835494476281913,13.026,0.04836243837768271,0.956269682,44.705530481418315,1,60.936861776161045
117,8.0,18.0,0.06682971678168961,0.956269682,44.753871753012874,0,53.810279223644194
96,8.0,9.0,0.03341485839084481,0.956269682,45.16358014568647,3,78.161081984815
5,8.0,6.0,0.0222765722605632,0.1569637099004186,45.45118135378541,3,87.16685391688556
4,6.835494476281913,6.0,0.0222765722605632,0.1569637099004186,45.534958610265164,2,88.5628112722681
46,6.835494476281913,6.0,0.0222765722605632,0.5,45.77583127465588,3,86.80569834593199
47,8.0,6.0,0.0222765722605632,0.5,47.060758217332,3,89.20048259449368
88,6.835494476281913,6.0,0.0222765722605632,0.956269682,47.736832066963444,3,89.95980702812629
12,8.0,9.0,0.03341485839084481,0.1569637099004186,47.875686000854635,2,72.16613310335256
13,12.0,9.0,0.03341485839084481,0.1569637099004186,47.87989430895751,3,85.69205872708702
6,12.0,6.0,0.0222765722605632,0.1569637099004186,48.7908660603527,3,90.83366048391962
111,12.0,13.026,0.04836243837768271,0.956269682,49.36703483357683,3,82.43174665555277
89,8.0,6.0,0.0222765722605632,0.956269682,49.418503277375805,3,93.84082676489032
55,12.0,9.0,0.03341485839084481,0.5,50.003987752472945,3,89.41486035439668
48,12.0,6.0,0.0222765722605632,0.5,50.93808854313017,3,94.82368781719971
104,12.0,11.90870637629186,0.0442141930202159,0.956269682,51.15664758684144,3,87.2575054543518
3,4.0,6.0,0.0222765722605632,0.1569637099004186,51.97442558485242,1,71.83782754821584
90,12.0,6.0,0.0222765722605632,0.956269682,52.83370342090867,3,99.6668542940542
97,12.0,9.0,0.03341485839084481,0.956269682,53.56778579793644,3,97.36883030523373
11,6.835494476281913,9.0,0.03341485839084481,0.1569637099004186,57.64397461698395,2,81.88085732149226
20,12.0,11.90870637629186,0.0442141930202159,0.1569637099004186,57.93768774346615,1,84.73636932493281
17,4.0,11.90870637629186,0.0442141930202159,0.1569637099004186,58.44868998913869,0,118.49994347346804
39,6.835494476281913,24.0,0.0891062890422528,0.1569637099004186,58.87137592051375,0,70.24390643964512
14,0.0,11.90870637629186,0.0442141930202159,0.1569637099004186,63.68226651496284,0,88.05966102408591
105,0.0,13.026,0.04836243837768271,0.956269682,63.93001637360976,0,88.39314722901545
7,0.0,9.0,0.03341485839084481,0.1569637099004186,64.01247812869013,0,88.48331643535003
112,0.0,18.0,0.06682971678168961,0.956269682,64.02484966362118,0,89.24782864979576
56,0.0,11.90870637629186,0.0442141930202159,0.5,64.02681550440833,0,88.40175651046872
21,0.0,13.026,0.04836243837768271,0.1569637099004186,64.03363091732255,0,88.6143061571726
63,0.0,13.026,0.04836243837768271,0.5,64.05053972240087,0,88.3163599341285
49,0.0,9.0,0.03341485839084481,0.5,64.1203813003454,0,88.69673841249224
70,0.0,18.0,0.06682971678168961,0.5,64.13842588063376,0,89.32708698092266
28,0.0,18.0,0.06682971678168961,0.1569637099004186,64.1925917688744,0,89.51823034680658
8,0.39,9.0,0.03341485839084481,0.1569637099004186,64.2211966325383,0,92.93862340262926
98,0.0,11.90870637629186,0.0442141930202159,0.956269682,64.25504407327337,0,88.4600624023901
42,0.0,6.0,0.0222765722605632,0.5,64.39802178554966,0,88.84920061294106
91,0.0,9.0,0.03341485839084481,0.956269682,64.40002870529929,0,88.63418767528275
1,0.39,6.0,0.0222765722605632,0.1569637099004186,64.46698826263292,0,91.76620623140683
43,0.39,6.0,0.0222765722605632,0.5,64.7692113615802,0,93.24133641167609
35,0.0,24.0,0.0891062890422528,0.1569637099004186,64.78441762845138,0,91.028836880494
77,0.0,24.0,0.0891062890422528,0.5,64.78441762845138,0,91.028836880494
119,0.0,24.0,0.0891062890422528,0.956269682,64.78441762845138,0,91.028836880494
15,0.39,11.90870637629186,0.0442141930202159,0.1569637099004186,64.80567755676573,0,93.3152993627677
82,8.0,24.0,0.0891062890422528,0.5,64.82982341880667,0,94.59351435924287
22,0.39,13.026,0.04836243837768271,0.1569637099004186,64.98074498672636,0,93.45326996529933
0,0.0,6.0,0.0222765722605632,0.1569637099004186,65.11069289517162,0,89.45954131986471
10,4.0,9.0,0.03341485839084481,0.1569637099004186,65.17455640588317,1,115.53606327373066
84,0.0,6.0,0.0222765722605632,0.956269682,65.21147601625849,0,89.53877804606078
50,0.39,9.0,0.03341485839084481,0.5,65.45532851459869,0,93.35860817367072
45,4.0,6.0,0.0222765722605632,0.5,65.6334074130623,1,121.14499409797696
74,6.835494476281913,18.0,0.06682971678168961,0.5,65.77157212874985,0,97.60921904379583
57,0.39,11.90870637629186,0.0442141930202159,0.5,65.83516592541895,0,93.04104330030339
113,0.39,18.0,0.06682971678168961,0.956269682,65.97627367715917,0,94.30906019756317
64,0.39,13.026,0.04836243837768271,0.5,66.04192528186566,0,93.32789780759703
29,0.39,18.0,0.06682971678168961,0.1569637099004186,66.27619602688236,0,95.29875677031838
71,0.39,18.0,0.06682971678168961,0.5,66.35251473853914,0,94.64968733210925
92,0.39,9.0,0.03341485839084481,0.956269682,66.77946377361141,0,93.2598807602628
106,0.39,13.026,0.04836243837768271,0.956269682,66.81318681233908,0,93.6811351292865
99,0.39,11.90870637629186,0.0442141930202159,0.956269682,66.89706017196026,0,93.40320820025991
85,0.39,6.0,0.0222765722605632,0.956269682,67.03123175182485,0,94.13680139615944
36,0.39,24.0,0.0891062890422528,0.1569637099004186,67.17609615791908,0,97.44029799862837
78,0.39,24.0,0.0891062890422528,0.5,67.17609615791908,0,97.44029799862837
120,0.39,24.0,0.0891062890422528,0.956269682,67.17609615791908,0,97.44029799862837
16,2.0,11.90870637629186,0.0442141930202159,0.1569637099004186,71.73324081353758,0,107.89803011803666
23,2.0,13.026,0.04836243837768271,0.1569637099004186,72.01189964194812,0,109.05942819900525
44,2.0,6.0,0.0222765722605632,0.5,72.0143790339717,0,109.32980794616715
30,2.0,18.0,0.06682971678168961,0.1569637099004186,72.1939232541865,0,108.2570984609913
86,2.0,6.0,0.0222765722605632,0.956269682,72.83476337463445,0,106.86785307886403
51,2.0,9.0,0.03341485839084481,0.5,72.88186422514,0,108.34209517196223
72,2.0,18.0,0.06682971678168961,0.5,73.00709966986967,0,108.44270541577188
93,2.0,9.0,0.03341485839084481,0.956269682,73.37835351930866,0,107.53014407907413
58,2.0,11.90870637629186,0.0442141930202159,0.5,73.56700220980842,0,109.48272345728374
9,2.0,9.0,0.03341485839084481,0.1569637099004186,73.7580647739218,0,108.73699699317571
65,2.0,13.026,0.04836243837768271,0.5,73.7702195647145,0,109.65310824891242
37,2.0,24.0,0.0891062890422528,0.1569637099004186,73.92311173129053,0,112.74541825881688
100,2.0,11.90870637629186,0.0442141930202159,0.956269682,74.15316246409338,0,108.15022925580745
107,2.0,13.026,0.04836243837768271,0.956269682,74.30910282950117,0,108.26546919691906
79,2.0,24.0,0.0891062890422528,0.5,74.40271866219223,0,112.1561841546119
114,2.0,18.0,0.06682971678168961,0.956269682,74.43592785359397,0,109.03764971649524
121,2.0,24.0,0.0891062890422528,0.956269682,76.70239756124143,0,111.44743118138119
24,4.0,13.026,0.04836243837768271,0.1569637099004186,77.2165025307553,0,117.60359331474623
124,8.0,24.0,0.0891062890422528,0.956269682,78.43455827804343,0,103.33216804661637
81,6.835494476281913,24.0,0.0891062890422528,0.5,80.72039050213591,0,101.02059504148609
31,4.0,18.0,0.06682971678168961,0.1569637099004186,81.23655168766537,0,115.95184940095861
66,4.0,13.026,0.04836243837768271,0.5,81.79432307673149,0,118.57643721533485
115,4.0,18.0,0.06682971678168961,0.956269682,81.86452801576931,0,118.28672779114511
73,4.0,18.0,0.06682971678168961,0.5,82.18894782593209,0,118.52576295864074
38,4.0,24.0,0.0891062890422528,0.1569637099004186,82.26782760974217,0,119.34778074984091
59,4.0,11.90870637629186,0.0442141930202159,0.5,82.6723164662816,0,119.86763241741471
108,4.0,13.026,0.04836243837768271,0.956269682,82.8399489295441,0,116.10422330850318
52,4.0,9.0,0.03341485839084481,0.5,82.97295618368945,0,121.07290866990931
101,4.0,11.90870637629186,0.0442141930202159,0.956269682,83.50990788797262,0,117.60957369699307
80,4.0,24.0,0.0891062890422528,0.5,83.898052025983,0,120.05257694068676
122,4.0,24.0,0.0891062890422528,0.956269682,84.20054479293505,0,120.13707128532965
116,6.835494476281913,18.0,0.06682971678168961,0.956269682,84.23743257675677,0,106.80547043828221
94,4.0,9.0,0.03341485839084481,0.956269682,88.12440569958488,0,123.2119947754423
123,6.835494476281913,24.0,0.0891062890422528,0.956269682,89.50457359489155,0,122.71882787643072
2,2.0,6.0,0.0222765722605632,0.1569637099004186,108.36619432965296,0,180.25750990055178
