source_setting_mV,current_uA,legacy_detected,legacy_frequency_MHz,late_frequency_MHz,late_peak_frequency_MHz,late_peak_period_cv,late_mean_mV,late_vpp_mV,late_robust_vpp_mV,late_periodic_vpp_mV,late_coherence,minimum_window_periodic_vpp_mV,amplitude_retention,sustained,amplitude_ratio,frequency_relative_error,frequency_comparable,mean_error_mV,retention_log_error,feature_score,candidate,dt_ns
50.0,37.99008122008859,False,,10.744408084162188,,,95.78721944054408,0.5909587207144824,0.5427023815370262,0.16363922093806094,0.4543006911999028,0.3264427968665452,0.12611393769281387,False,0.1577623202142519,1.0,False,7.31118033163321,-1.9273006863461843,29.65243236755738,reference,0.025
100.0,76.17083384633712,False,,10.965831104211539,,,178.7519016695112,0.4313145726237053,0.3503115783116755,0.154360764298218,0.45915869359178463,0.27288321993087444,0.05862233515541128,False,0.06806528033724032,1.0,False,7.608934342778525,-3.3934514150634962,36.96615001910893,reference,0.025
150.0,114.17150902555795,False,,21.23534224491959,,,243.67758523738885,0.4242512825866527,0.3196748557779472,0.11371207855547223,0.36194360470089915,0.015739877857307138,0.08164472584742496,False,0.07860985977916383,1.0,False,3.4151453066957913,-3.0916719105730173,34.27381390474373,reference,0.025
200.0,152.16154020295048,False,,20.719648727571652,,,291.7737391536759,0.852436008552445,0.7458631152039743,0.31979765576608193,0.8484478621229268,0.04865798610648608,0.043033095435625224,False,0.19355974339647325,1.0,False,-6.318277351274617,-2.619615509238033,31.340290471478742,reference,0.025
250.0,189.60094286792295,False,,16.410887113925043,,,321.1101056021087,0.49325992799640517,0.3927340904710377,0.17769012550898375,0.4545716487006939,0.1950572390207081,0.0088648643670016,False,0.1673558999748745,1.0,False,1.635382166465206,-3.2495982106414707,32.05234968433012,reference,0.025
300.0,228.15229898524512,True,32.25806451612903,33.055043213457,32.25806451612903,0.0,226.00874332348013,247.79703459468845,233.34982585812335,189.41560069592248,0.8149295709723203,148.1931453029418,0.7737011176018413,True,2.5609067807081147,-0.19717766641757994,True,-6.704127636915928,-0.3486258739217718,7.439191553980823,reference,0.025
350.0,266.70376233691485,True,37.03703703703704,36.27882445211431,35.714285714285715,0.14285714285714285,227.26575694272628,349.42094118297405,314.6266927720966,240.74637024139506,0.6719174772356412,189.30418868868713,0.945834205995793,True,3.136230988557582,-0.14830919154168432,True,37.32727542787475,0.09150130788379568,10.910546514046054,reference,0.025
400.0,303.2005083702369,True,43.47826086956522,41.93441583319912,41.666666666666664,0.034020690871988585,219.45793075613352,374.4566307735951,361.3657439827271,273.39344134139924,0.6247656095953997,263.2607009160915,1.0000077075540195,True,4.5680801244739975,-0.0841513915200075,True,31.47285253831177,0.06267645748298668,17.498198540433556,reference,0.025
450.0,341.5718172250129,True,47.61904761904762,46.60976495838287,43.47826086956522,0.08702852691526738,214.13319440511717,381.61842294074523,371.33083409133417,275.0438075242143,0.6184979109422746,257.8784248739573,1.011022555172873,True,6.322321989251996,-0.04734538563082602,True,28.113918830859717,0.06855297192799806,24.982627418155868,reference,0.025
500.0,380.88580812995247,True,64.51612903225806,65.27993324087944,62.5,0.09669038458354651,187.8531757795965,315.11921914679345,277.3496048443684,220.83754543073266,0.7351618230022625,116.31603964117204,0.9286424581608187,True,6.250357305150576,0.2676796360335909,True,1.595750037022242,0.049784778386974295,25.56894378979679,reference,0.025
550.0,419.0559644140832,True,66.66666666666667,66.81819224115495,66.66666666666667,0.04216370213557839,159.598014223607,292.84525053244795,280.2027797151136,244.29002681230986,0.8061135804506352,220.48519298991033,1.0291038215115074,True,8.11711412847954,0.24639996263007835,True,-25.51749799094742,0.10054578543090217,32.657094455125716,reference,0.025
600.0,457.8085803363978,True,76.92307692307692,76.6803466347378,76.92307692307692,0.0,147.55652395099833,260.7280987858267,258.3851844178152,241.4237304547047,0.8472060536682974,238.74828062719865,0.9829940050979629,True,10.046080265078352,0.37541729005695523,True,-38.57245165989275,0.09536212611031128,41.137292880568516,reference,0.025
650.0,494.4853744265939,True,90.9090909090909,87.82534484447092,90.9090909090909,0.042560256551729854,136.88376720661967,219.37241698501353,215.15866177140506,208.0169869060423,0.867307256481415,204.9009504036158,0.9848427389943857,True,11.276659421981407,0.5190231747374219,True,-47.21247173397441,0.09223226621105146,47.59096987043872,reference,0.025
700.0,532.8566832813709,True,100.0,99.78062770393835,100.0,0.0,128.87115878864228,162.04683417765014,159.9717220277849,156.70406298606696,0.9201729641278654,156.7322817960667,0.9709243150594761,True,11.48116913515616,0.6756095394950086,True,-52.84092074601122,0.26121477631115714,51.75097275278348,reference,0.025
750.0,570.0736739678696,True,111.11111111111111,111.79848133504017,111.11111111111111,0.0,121.03980854164256,65.4400024032492,59.30380362709957,60.009333483189536,0.982035124798087,56.972928308213774,0.609767029027517,True,4.268487456425326,0.8314808097337838,True,-60.04375512172372,-0.451235244218622,32.453300609936385,reference,0.025
800.0,606.2950294894458,True,125.0,120.339375600896,,,115.3146309333127,1.265176613487398,0.7222067554325946,0.2959408059013399,0.2349539846117178,0.07424185628427034,0.01250768860736686,False,0.07804856164099215,1.0,False,-65.56695520530117,-4.409495196130254,48.48092784559822,reference,0.025
850.0,645.4819548424252,False,,147.81752715957077,,,109.56421268228453,0.5048480391803167,0.3541775180292319,0.04526681542146635,0.021887499998350823,0.027270395552771116,0.03387367702394687,False,0.06385373610060593,1.0,False,-70.87354672365609,-3.3520103718311174,40.56559791126418,reference,0.025
900.0,682.444649204679,False,,114.80205897217037,,,104.69826907435656,0.5022018558366454,0.36352586710117407,0.03805702374782439,0.012682190293814455,0.020051158881763637,0.18419526956325155,False,0.06554030705318126,1.0,False,-73.18556359891075,-1.851144630571683,36.6710262162722,reference,0.025
950.0,721.2714260182299,False,,31.31999852359498,,,100.0309113521978,0.5224767666162933,0.4061963287104504,0.04930705101751625,0.015921815345682377,0.036587272204061355,0.7653161518887807,False,0.07323339139480972,1.0,False,-76.77225231116849,-0.2188924680855346,35.07340505323504,reference,0.025
1000.0,756.6243660265701,False,,19.803091732205512,,,96.01210642858321,1.409962401407384,1.16068989761078,0.12057152994361323,0.011948865647241402,0.11253996810667033,0.8955857112328985,False,0.1925912850499907,1.0,False,-78.84307208626826,-0.0197769064950303,33.39676961726634,reference,0.025
1100.0,834.7865599618726,False,,12.93076951883517,,,88.79595378720678,1.2284161351449114,0.856481965121759,0.20403987847799468,0.06359552600098273,0.09323046894754335,0.9238620866651603,False,0.10887574875063667,1.0,False,-86.45315245041694,0.29643067520106586,37.78815026078091,reference,0.025
1200.0,906.8051472486442,False,,30.1783159486728,,,83.06377837632243,1.1666120266082913,0.9540603979593811,0.10492341776443614,0.011470694420362415,0.05548029890551846,0.9291222047294346,False,0.12127835025606418,1.0,False,-89.81674934644985,-0.1670078101224188,37.742977568432806,reference,0.025
50.0,37.99008122008859,False,,10.755200237632573,,,95.8036371267332,0.5930821377513666,0.5436709922593224,0.16326493515933896,0.453863716007623,0.3252563803281344,0.12628111653755578,False,0.15804389309864034,1.0,False,7.327598017822325,-1.9259759466859665,29.647469537593786,reference,0.0125
100.0,76.17083384633712,False,,11.12425834347168,,,178.77967713675017,0.4288558865660832,0.34849364907361746,0.15055548073431943,0.44823966873189336,0.2649084869421573,0.05801054256895741,False,0.06771205803206264,1.0,False,7.636709810017493,-3.4039424225667188,37.01077749552312,reference,0.0125
150.0,114.17150902555795,False,,21.485414188543167,,,243.70159646518036,0.4446956861342528,0.3446790163067135,0.10805845775117232,0.3552077588506165,0.011373253718038826,0.08251875753085515,False,0.0847585246413992,1.0,False,3.439156534487296,-3.081023501752764,34.154863432620466,reference,0.0125
200.0,152.16154020295048,False,,20.720376058054832,,,291.7809557403291,0.8206369414352821,0.7278625216428054,0.3068982291285724,0.8269437109012314,0.03518675750523056,0.04224405266328765,False,0.18888838990055568,1.0,False,-6.311060764621402,-2.6381214116590046,31.434807048349718,reference,0.0125
250.0,189.60094286792295,False,,16.240685666128226,,,321.116951283686,0.4940050349621288,0.3873399413134848,0.17828758250605187,0.45326038826338544,0.1846665009673402,0.008350211173279012,False,0.16505728951867946,1.0,False,1.6422278480424666,-3.309407021463956,32.26739203957899,reference,0.0125
300.0,228.15229898524512,True,33.333333333333336,33.35253932263928,33.898305084745765,0.05084745762711865,225.59814959980318,273.2147175044197,223.5040110678952,180.63237500737003,0.7803115459268563,152.93818201321074,0.7219392454944187,True,2.4528535016230824,-0.18995224792203924,True,-7.114721360592881,-0.4178705321284748,6.824743959382396,reference,0.0125
350.0,266.70376233691485,True,40.816326530612244,41.05210075551206,41.666666666666664,0.08333333333333333,250.5304812982048,286.0715733403933,251.98745496257055,163.0761135060327,0.6199021142004393,127.61490562805987,0.5874612328162193,True,2.5118366722744274,-0.036250556367279585,True,60.59199978335326,-0.3847557307307517,8.542236856645754,reference,0.0125
400.0,303.2005083702369,True,41.666666666666664,41.848082152315186,43.47826086956522,0.039837001756988594,220.17718219133405,371.12133731870546,354.06901007383647,267.6767335503868,0.6144325166639086,256.8853930810225,0.9949749856988636,True,4.475840985325346,-0.08603692110069872,True,32.1921039735123,0.0576310678179688,17.08418612345586,reference,0.0125
450.0,341.5718172250129,True,50.0,46.72351747465142,45.45454545454545,0.057563959796522166,217.56250867736634,375.55790220285866,362.57835284797693,272.88845291561165,0.6140479803085781,255.73174693255714,0.9952242952848713,True,6.17330122516489,-0.045020403738810444,True,31.54323310310889,0.05280357754257019,24.466939853761783,reference,0.0125
500.0,380.88580812995247,True,62.5,65.70388704432804,66.66666666666667,0.0971859061499725,194.76721010715897,364.81768819863356,309.91654727882553,241.54219351408395,0.7061786988736096,203.12761076734023,1.1860114311873424,True,6.984286696057226,0.2759124508752919,True,8.509784364584704,0.2944121990291871,28.79824142272269,reference,0.0125
550.0,419.0559644140832,True,66.66666666666667,67.1355742542786,66.66666666666667,0.04632702950132203,159.95795802897885,289.07549394595844,277.2300160764651,256.30458493715116,0.8176272494091765,243.8826228686917,1.014925976303024,True,8.030996989468866,0.25232028037631515,True,-25.157554185575577,0.08667311821131064,32.398165150235876,reference,0.0125
600.0,457.8085803363978,True,76.92307692307692,77.70150019264634,76.92307692307692,0.0,146.99568696576262,259.43640095451775,255.4991253648733,242.84103076308472,0.8371267086819686,242.68488593447063,0.9852245982807591,True,9.933869570951527,0.39373374689355356,True,-39.13328864512846,0.09762873829855648,41.1490764003767,reference,0.0125
650.0,494.4853744265939,True,90.9090909090909,88.69500045673891,90.9090909090909,0.042560256551729854,136.62481948171825,214.87635304572802,211.62585897361012,203.50681874444314,0.8702260924127293,200.97487114046245,0.9727111200628579,True,11.091502042642048,0.5340646987008626,True,-47.47141945887583,0.07983743559947365,47.44069157912092,reference,0.0125
700.0,532.8566832813709,True,100.0,100.57317980795676,100.0,0.0,129.83490111282705,152.52713207602446,149.47510963403803,150.30998456740446,0.9268580589396075,150.02581321752385,0.9334514272677805,True,10.727827352551277,0.6889188150187151,True,-51.87717842182644,0.22185518512009142,49.897902517828626,reference,0.0125
750.0,570.0736739678696,True,111.11111111111111,112.54908233455251,111.11111111111111,0.033707865168539325,121.24031048136699,47.04063871729454,37.24396497829183,36.429876320806244,0.9631761409266972,30.823574809226713,0.37704487057552055,False,2.680694788769622,0.8437771424742446,True,-59.84325318199929,-0.9319480083491821,26.156021237102497,reference,0.0125
800.0,606.2950294894458,True,125.0,13.959380659501008,,,115.32369769414528,0.5974384080245727,0.4675464628152639,0.10493997729859976,0.05405752817643017,0.24733928517567838,0.015679074834618494,False,0.050527537507188,1.0,False,-65.55788844446859,-4.183511729651111,48.77762059143168,reference,0.0125
850.0,645.4819548424252,False,,133.7577419602594,,,109.56838293720399,0.5340468582544702,0.36153042808491875,0.06314557406012541,0.04177099058178724,0.059625124000630976,0.050213305218077306,False,0.06517937297580863,1.0,False,-70.86937646873663,-2.9583685598602094,39.24191152397822,reference,0.0125
900.0,682.444649204679,False,,173.05924429052155,,,104.69834165973153,0.511052788468561,0.37410743472590013,0.06865221831203151,0.04070348989097894,0.020571122090440857,0.2836280948314772,False,0.06744806453068569,1.0,False,-73.18549101353578,-1.4194772183394007,35.89240457958487,reference,0.0125
950.0,721.2714260182299,False,,31.715667458875856,,,100.01811264933481,0.5132231746846685,0.4211804938146173,0.04949513836108432,0.016359616721417503,0.03914031924760628,0.7812438275817926,False,0.07593489593888482,1.0,False,-76.78505101403148,-0.19829418665811707,35.00956866881577,reference,0.0125
1000.0,756.6243660265701,False,,20.483975522407196,,,96.01305056802381,1.4043294413423695,1.2014141351836969,0.12652995977587556,0.012560950795384329,0.1016483048419032,1.018518246386872,False,0.1993485879807682,1.0,False,-78.84212794682766,0.10884931378135715,33.28987945504926,reference,0.0125
1100.0,834.7865599618726,False,,13.062617181298096,,,88.79265111297609,1.1919377161630678,0.8781264987310351,0.20497144696340844,0.06589494944806484,0.08676103952274204,0.9189192709089256,False,0.11162719583187584,1.0,False,-86.45645512464763,0.29106614555713084,37.699892288234366,reference,0.0125
1200.0,906.8051472486442,False,,18.112012388852886,,,83.0689170048531,1.1358933538345468,0.933117184360114,0.10319114165166222,0.010281512537053672,0.08578419482967335,0.9195902422403435,False,0.11861608862167275,1.0,False,-89.81161071791918,-0.17731990270668926,37.82521747421569,reference,0.0125
50.0,37.99008122008859,False,,10.78786247875966,,,95.8380576288327,0.5943263815775168,0.5440360864952396,0.16231638605944357,0.4521037715863011,0.3227474849052371,0.12586272748524938,False,0.15815002514396512,1.0,False,7.362018519921833,-1.9292946034465248,29.653517372482337,reference,0.00625
100.0,76.17083384633712,False,,11.17327971391723,,,178.8386153594593,0.4281704386905574,0.347405866308776,0.14892085828969645,0.4433889447949987,0.26273004327304583,0.057820165855453985,False,0.06750070264611797,1.0,False,7.695648032726638,-3.407229579962504,37.02733841788493,reference,0.00625
150.0,114.17150902555795,False,,21.154271081034324,,,243.62402278957543,0.47187541285219936,0.3595489931095699,0.10977502941113328,0.34808003919362795,0.025072955111812175,0.08888901860994149,False,0.0884151362586855,1.0,False,3.3615828588823717,-3.006660523568,33.86921303974093,reference,0.00625
200.0,152.16154020295048,False,,21.374823873682285,,,291.8002165959658,0.9181812689770368,0.830561549708591,0.2819190099180598,0.8397265004652766,0.0413901503079733,0.03985833207192172,False,0.21553992570420571,1.0,False,-6.291799908984672,-2.696253520936965,31.35265924745905,reference,0.00625
250.0,189.60094286792295,False,,16.52526653657061,,,321.17928239875414,0.5414790034341195,0.44518624423125175,0.18561333746844252,0.4918956256236382,0.17537593133737503,0.008182973562047051,False,0.18970735255092344,1.0,False,1.7045589631106282,-3.329638249518642,32.22331533542408,reference,0.00625
300.0,228.15229898524512,True,33.333333333333336,33.244619971006415,34.48275862068966,0.10344827586206896,226.4635698668232,291.21054228647483,241.58439944999108,181.43637415734347,0.743016463270274,134.421919794983,0.6627501664940786,True,2.6512774303115796,-0.19257333255221531,True,-6.2493010935728535,-0.5034134235799235,7.942399661942674,reference,0.00625
350.0,266.70376233691485,True,40.0,42.52343651709372,38.46153846153846,0.09686394262829419,228.82834090151653,292.64265753820075,268.96356567517176,213.9660452310918,0.7368204266683803,165.11811104352498,0.8134742729768483,True,2.6810562766663852,-0.0017091079267668174,True,38.889859386664995,-0.05925168682233062,7.991960887044033,reference,0.00625
400.0,303.2005083702369,True,43.47826086956522,42.02535703470171,41.666666666666664,0.034020690871988585,220.25531103109105,367.01983746549,347.13891080889914,262.2223089751482,0.6112904709585092,248.72857222064417,0.9676604812874472,True,4.38823653127863,-0.08216523358279082,True,32.2702328132693,0.02979475425693757,16.63934379361231,reference,0.00625
450.0,341.5718172250129,True,50.0,47.28228114395216,47.61904761904762,0.09523809523809523,217.55799369189168,370.79653719218305,356.13343815069436,267.43131818234343,0.6271870514389287,251.97829240004185,0.9846137956101382,True,6.063569357599428,-0.03359986153319128,True,31.538718117634232,0.04208492200234867,23.970304451622567,reference,0.00625
500.0,380.88580812995247,False,,66.40741973529093,66.66666666666667,0.11925695879998878,175.10271629387998,309.5362713663338,266.83701450686635,215.53868199074853,0.7424667962790544,208.26185405011955,0.7356177473081441,True,6.013445318746513,0.2895744450186786,True,-11.154709448694291,-0.18322840017826275,24.955187522727602,reference,0.00625
550.0,419.0559644140832,True,66.66666666666667,67.38250388906559,66.66666666666667,0.025124359297750445,159.70531811970375,287.8866877067213,281.2570591644018,262.0470558699472,0.8153123928636511,254.34477403327486,1.0136231478193716,True,8.14765524809971,0.2569264074990003,True,-25.41019409485068,0.08538862512480808,32.89774501323605,reference,0.00625
600.0,457.8085803363978,True,76.92307692307692,78.11727047247958,76.92307692307692,0.035531209664813254,146.78666134082204,258.5547366991526,253.17123617129096,240.68271190281516,0.838463571468184,241.37939714427895,0.9910339699057705,True,9.843360659848015,0.4011914287725682,True,-39.34231427006904,0.10350791671357225,41.00978195942009,reference,0.00625
650.0,494.4853744265939,True,90.9090909090909,89.0294062249769,90.9090909090909,0.042560256551729854,136.82617803857764,212.82730003224907,209.17922117353322,201.24119794642465,0.8729005849866709,197.77696889959302,0.9763030104851679,True,10.963271549975545,0.5398485656770631,True,-47.27006090201644,0.08352329342112262,47.193159610940754,reference,0.00625
700.0,532.8566832813709,True,100.0,101.01303958748225,100.0,0.03178008005332798,128.9770112117982,149.53954240467394,146.23545612161038,146.46857368132086,0.9270965734787195,145.1768453639826,0.9358762625372405,True,10.495317447400513,0.6963053514594353,True,-52.735068322855284,0.22444952600824622,49.50392820508188,reference,0.00625
750.0,570.0736739678696,True,111.11111111111111,112.82544942298571,111.11111111111111,0.033707865168539325,121.39272372525537,37.08427240377087,29.39810123987293,26.408843736128524,0.9353658656492211,20.52419575456201,0.26981880017975834,False,2.1159760202594726,0.848304583391716,True,-59.69083993811091,-1.2665615855514663,24.241164649126464,reference,0.00625
800.0,606.2950294894458,True,125.0,10.00000611858057,,,115.33340477134004,0.7405736269256948,0.4856719753943537,0.1863345208581044,0.06329238982428342,0.7372283762504264,0.017845334100164593,False,0.052486353559741114,1.0,False,-65.54818136727383,-4.054096660831134,48.123314099414316,reference,0.00625
850.0,645.4819548424252,False,,129.69683174636532,,,109.59376293475457,0.6452424710704605,0.366322636773063,0.09402176916469357,0.07998622252520005,0.07227294771534756,0.06647031081280115,False,0.06604334771540951,1.0,False,-70.84399647118606,-2.6778932015959604,38.397109318411765,reference,0.00625
900.0,682.444649204679,False,,138.65198851632312,,,104.70404049077426,0.6195330663523606,0.36523233153798174,0.08817620900243342,0.0626341230804327,0.08746711357803937,0.38285009082574645,False,0.06584796659899449,1.0,False,-73.17979218249305,-1.1194975682869077,35.53244160066054,reference,0.00625
950.0,721.2714260182299,False,,23.793959381645696,,,100.00790548257207,0.5934590644664439,0.46850331443731363,0.06046158596537612,0.022609156439010847,0.0571051898454226,0.8551938583061373,False,0.08446675701101847,1.0,False,-76.79525818079422,-0.10785330888493647,34.80837691866416,reference,0.00625
1000.0,756.6243660265701,False,,20.97947886344313,,,96.01244739920159,1.430757124183856,1.2135187971036459,0.12106171606104403,0.011671047273489443,0.09295872140900933,0.9194244874751452,False,0.2013570937832719,1.0,False,-78.84273111564988,0.006493080523235896,33.25076356927065,reference,0.00625
1100.0,834.7865599618726,False,,13.300975722338366,,,88.78766343596223,1.1949927386364863,0.8625514230420777,0.19816005742386858,0.06505024340669785,0.08545451368702361,0.8866404691309471,False,0.1096472965502348,1.0,False,-86.46144280166149,0.25530743813340556,37.75275417996476,reference,0.00625
1200.0,906.8051472486442,False,,18.287595368088017,,,83.06708460469343,1.136683448467835,0.9184693625453093,0.10168245221394887,0.009930194631828204,0.07530493829682752,0.9084274306202244,False,0.11675408526387282,1.0,False,-89.81344311807885,-0.18953307825831914,37.88489531559103,reference,0.00625
50.0,37.99008122008859,False,,10.469392000209151,,,95.78204175714552,0.5430886041234544,0.5114166620013094,0.15680807448426168,0.5106844463584415,0.3125495822812949,0.0771524668932281,False,0.14866763430270633,1.0,False,7.306002648234653,-2.4187028985146384,30.84397698084974,best_features,0.025
100.0,76.17083384633712,False,,10.523247229866481,,,178.75483041345254,0.38284102352221794,0.3174550340478959,0.1519919873198919,0.5219584078920538,0.2518840539834979,0.030272474107958375,False,0.06168127810983645,1.0,False,7.611863086719865,-4.0543283306786275,39.65978824424888,best_features,0.025
150.0,114.17150902555795,False,,21.544779267565524,,,243.66885257426446,0.42369988780424706,0.3285410083225031,0.09924984237744905,0.3785370126878558,0.012888327305301742,0.03040847882336411,False,0.08079009696613967,1.0,False,3.4064126435714,-4.079327655072807,37.9288324535038,best_features,0.025
200.0,152.16154020295048,False,,20.28214976557796,,,291.76880819386986,0.8011759761020585,0.7018136754155648,0.2783877755149776,0.8376513897481249,0.21919983821622546,0.04520373839414801,False,0.18212842565411347,1.0,False,-6.323208311080634,-2.5704051989346266,31.31597117624806,best_features,0.025
250.0,189.60094286792295,False,,18.5711252984602,,,321.09466920245933,0.453710538262726,0.35729993676284266,0.18147707530892174,0.47025501802062564,0.16674055628365808,0.007600598162458794,False,0.15225633304761704,1.0,False,1.6199457668158175,-3.403466900438137,32.65765084525602,best_features,0.025
300.0,228.15229898524512,True,27.027027027027028,29.70038711995021,29.41176470588235,0.08823529411764706,245.87227021880537,282.47258370603436,240.13593839844322,186.10001298611925,0.7308965935791829,162.0218087104419,0.7537353945010086,True,2.6353812379109227,-0.2786536704259239,True,13.159399258409309,-0.374770149225478,8.896465897570378,best_features,0.025
350.0,266.70376233691485,True,31.25,30.668579815119564,30.76923076923077,0.13846153846153847,246.15953241684906,353.96946125647656,344.2476681696182,241.48165616086476,0.6112690185805904,195.37558955462183,0.806391133421849,True,3.431495894832717,-0.28001670584766425,True,56.22105090199753,-0.06799708587999911,14.98955550762515,best_features,0.025
400.0,303.2005083702369,True,35.714285714285715,35.196049762294855,35.714285714285715,0.03571428571428571,216.34302342130948,381.88202727047684,372.13721999394375,294.801925034144,0.6542003033669139,207.71690052011982,1.0116741647877363,True,4.704244014652915,-0.23131746184310187,True,28.35794520348773,0.07427529742635468,19.202591890608762,best_features,0.025
450.0,341.5718172250129,True,43.47826086956522,41.67538338384225,41.666666666666664,0.05125558064073892,203.40063005991504,393.58939227142315,384.0977214331496,305.060171725288,0.6687555089196344,306.0013542447637,1.0005034890296511,True,6.539692498687281,-0.14819895955984252,True,17.381354485657596,0.0580940846946483,26.087438785680494,best_features,0.025
500.0,380.88580812995247,True,46.51162790697674,45.955376308497506,41.666666666666664,0.10553832555023099,193.0989473660306,390.2283940479265,378.43265406807757,273.1662344832334,0.5635414353472239,264.23049885959114,0.9984585157764344,True,8.52836731167947,-0.1075864845391501,True,6.841521623456316,0.12227358652947935,33.0484067865435,best_features,0.025
550.0,419.0559644140832,False,,58.09269931387902,62.5,0.13795340470068912,177.203332166978,366.4102076964778,347.0381220178348,210.77711531236693,0.4289780802343912,166.63865671016237,1.1627355064569347,True,10.053248030644118,0.08363809054537863,True,-7.912180047576442,0.22263286228885373,37.74631804644277,best_features,0.025
600.0,457.8085803363978,True,64.51612903225806,64.64818787582719,62.5,0.03140371465106639,144.14538696509405,274.85935332229883,269.89645614508953,255.54769416599942,0.817731561977383,246.2000629935149,1.01699372780899,True,10.493641374225877,0.15959615830663587,True,-41.98358864579703,0.1293653332430177,39.87190193591268,best_features,0.025
650.0,494.4853744265939,True,74.07407407407408,74.47429405349749,76.92307692307692,0.035355339059327376,135.12406230307778,243.14716384306652,239.4809910337376,229.29116822648203,0.8413722176353926,220.8030202591284,0.9903587983229002,True,12.55141462440974,0.2881040067626228,True,-48.9721766375163,0.09781759364640832,46.7635698417552,best_features,0.025
700.0,532.8566832813709,True,83.33333333333333,85.15803706562973,83.33333333333333,0.03856436170937048,126.14699608049955,195.01987355698066,192.6291545810803,186.56098161167316,0.8804488045069364,184.27264584616876,0.9828769158543105,True,13.824992792934976,0.4300533335511043,True,-55.56508345415395,0.2734501559583123,51.622862305296195,best_features,0.025
750.0,570.0736739678696,True,95.23809523809524,95.76887154557589,95.23809523809524,0.047619047619047616,120.92867360107218,134.22232749745984,131.43684567560712,132.37330236875016,0.9379159934442955,131.60875699610872,0.9662387060305236,True,9.460380157168673,0.5688840162322322,True,-60.1548900622941,0.009098702569412163,42.70828697782112,best_features,0.025
800.0,606.2950294894458,True,105.26315789473684,105.91417099705264,111.11111111111111,0.052613364176465637,115.20075394562222,27.33112494683209,20.83726174894946,17.37632113852039,0.8815272441012892,12.12994289863831,0.18747488172581622,False,2.251873574719225,0.688829023386107,True,-65.68083219299164,-1.7021938676309154,19.396475683913145,best_features,0.025
850.0,645.4819548424252,True,111.11111111111111,123.16884364496384,,,109.56195718540685,0.5660668346150288,0.45618687141940484,0.21650167321734703,0.2952379551709309,0.14195561939685927,0.01679456657263127,False,0.0822447349630237,1.0,False,-70.87580222053377,-4.053593179822216,42.854563780874734,best_features,0.025
900.0,682.444649204679,False,,113.34567325994138,,,104.70055319893267,0.42654054921524676,0.3007999414150504,0.06486989295514817,0.05847112204018923,0.06399201715267727,0.02620861255530055,False,0.05423141048841656,1.0,False,-73.18327947433464,-3.8010529928477874,42.67237000140225,best_features,0.025
950.0,721.2714260182299,False,,31.732479464614073,,,100.01891269293895,0.43364343466716093,0.3392167480627677,0.05256232070676679,0.028501602350384125,0.04052133134423886,0.11284238223845394,False,0.06115760070363262,1.0,False,-76.78425097042734,-2.133189489422435,37.695215949841355,best_features,0.025
1000.0,756.6243660265701,False,,19.99184822033139,,,96.01224327897063,1.2075450283195721,0.8981328372144475,0.112409543952316,0.016537341261802174,0.10770981008223694,0.6344942870582535,False,0.14902564209508465,1.0,False,-78.84293523588084,-0.3644265534195352,34.256984265613234,best_features,0.025
1100.0,834.7865599618726,False,,13.119245002966927,,,88.80954914084295,1.0658354008514976,0.7331159674719174,0.20069275148378757,0.09513404280416982,0.10589176559387282,0.9338949011945433,False,0.09319349750488355,1.0,False,-86.43955709678077,0.30723177796491585,38.30463266985517,best_features,0.025
1200.0,906.8051472486442,False,,30.21017814127394,,,82.83246367529277,1.0824363009995466,0.8970581410874985,0.1050433318258675,0.016359291913530805,0.05569435513934735,0.9168660082353403,False,0.11403233135717614,1.0,False,-90.04806404747951,-0.1802867427852968,37.9937801815325,best_features,0.025
50.0,37.99008122008859,False,,10.52237239158057,,,95.80061280844976,0.5455919963632141,0.512191968474113,0.1551855739052334,0.5073743111737148,0.30872357487606156,0.07711918715231489,False,0.148893014091312,1.0,False,7.324573699538888,-2.4191343418881517,30.84321918018224,best_features,0.0125
100.0,76.17083384633712,False,,10.816677273778328,,,178.7851204893517,0.38211087493277773,0.3150112608858251,0.14362593278130412,0.49756495098936193,0.2404146027306562,0.03007546604888154,False,0.061206454793522935,1.0,False,7.642153162619024,-4.060857427062719,39.697609688951985,best_features,0.0125
150.0,114.17150902555795,False,,21.200714931707545,,,243.64330962192238,0.4573318178478871,0.3627380071908135,0.10212156836458504,0.38020562510960565,0.024681422794290496,0.03329443031564209,False,0.08919933290483796,1.0,False,3.3808696912293215,-3.9886590080517568,37.43312480979196,best_features,0.0125
200.0,152.16154020295048,False,,20.556819363528078,,,291.7706627237504,0.8085967732070003,0.7079260282367272,0.2683758750385333,0.8347381069481279,0.2205673284291679,0.04457787895372455,False,0.18371464894293954,1.0,False,-6.321353781200116,-2.5843472417890028,31.338088191949414,best_features,0.0125
250.0,189.60094286792295,False,,18.25707084918592,,,321.11260990610555,0.4751980127143156,0.3828098592651372,0.18719090440629907,0.48793771219909643,0.1505498118781587,0.007042107929688861,False,0.16312688424815164,1.0,False,1.6378864704620355,-3.479786303036999,32.87848397049484,best_features,0.0125
300.0,228.15229898524512,True,27.027027027027028,29.4147570312247,28.985507246376812,0.07246376811594203,245.26685041407595,293.88908990387847,255.1810436309218,192.1033408906111,0.725720354064864,158.31721807319263,0.7915817477229927,True,2.8004943330873777,-0.2855908936777941,True,12.553979453679887,-0.32577836395293974,9.85093599759893,best_features,0.0125
350.0,266.70376233691485,True,31.25,31.89290062862038,31.25,0.09375,228.09546218299346,338.221890605245,290.7441857492264,211.71355852250525,0.6550664514864589,216.98051487054164,0.7872307551291278,True,2.8981677207857497,-0.25127424246274377,True,38.15698066814193,-0.09204457388552126,10.703836544140401,best_features,0.0125
400.0,303.2005083702369,True,36.36363636363637,35.52673830996972,36.36363636363637,0.01818181818181818,216.4707343631644,380.35854105324387,368.84748251765916,285.27800962317605,0.643886942118178,205.79520926925412,1.0110065131074293,True,4.662657935644632,-0.2240952163387654,True,28.48565614534266,0.07361513221901249,18.924149006295924,best_features,0.0125
450.0,341.5718172250129,True,43.47826086956522,41.862667822808454,43.47826086956522,0.05892556509887897,202.17945284300717,392.63079624647054,379.7813616589085,299.43193325073753,0.6429557356760731,300.37039145247184,0.9949811894671555,True,6.466201654919928,-0.14437106244128806,True,16.16017726874972,0.052559275312687365,25.724824142338797,best_features,0.0125
500.0,380.88580812995247,True,46.51162790697674,46.362348388133555,43.47826086956522,0.0642824346533225,195.65650067548694,386.40012574137995,376.9815592974454,274.24100362142724,0.581658128738787,274.0159975662078,0.9904442443958675,True,8.495665405342967,-0.0996834400325759,True,9.399074932912669,0.11421455527173843,32.912944983630844,best_features,0.0125
550.0,419.0559644140832,False,,58.64656075274748,64.51612903225806,0.17407765595569782,179.33835396711558,365.12381168135863,345.2408989988184,203.26321670805888,0.45039297827290126,166.3359885264864,0.8750993600054157,True,10.001184791391037,0.09396960137429189,True,-5.777158247438848,-0.061560406651640795,37.57739562340985,best_features,0.0125
600.0,457.8085803363978,True,66.66666666666667,65.51337769436522,66.66666666666667,0.02631578947368421,141.17128079711253,274.5914121728127,268.92912883785874,253.5344543830878,0.8164675786471522,247.64278227395283,0.9988751074836172,True,10.456031447817214,0.17511508966028422,True,-44.957694813778545,0.11138885785889537,40.04095420278073,best_features,0.0125
650.0,494.4853744265939,True,76.92307692307692,75.22174951470285,76.92307692307692,0.035355339059327376,132.6972501936523,239.98548704399096,236.544484560077,224.09685078776255,0.8385293592192746,219.3320344491127,0.985938620660996,True,12.397509672960021,0.301031962464541,True,-51.39898874694177,0.09334439544263065,46.66772835711121,best_features,0.0125
700.0,532.8566832813709,True,83.33333333333333,85.74733789121782,83.33333333333333,0.042766686606638946,125.67072047104529,190.0987735628541,186.69210135483314,180.69562347176023,0.8869126699183577,178.88229693294502,0.9594877450098133,True,13.398890533167286,0.4399494236811199,True,-56.04135906360821,0.24936579951276094,50.737615148857444,best_features,0.0125
750.0,570.0736739678696,True,100.0,96.52334820383169,100.0,0.046662449954306226,120.47165726570152,125.10503564255568,122.40949730598759,122.67068710207802,0.9450053002088512,122.1871146791798,0.9435088002202582,True,8.810622115967849,0.5812438399479634,True,-60.611906397664754,-0.014706516836494763,40.965936250260995,best_features,0.0125
800.0,606.2950294894458,True,111.11111111111111,106.46298475030049,111.11111111111111,0.050507627227610534,115.2317486018443,17.006346153691283,11.965717602423652,8.678497210677097,0.7656792709068012,4.798906279071685,0.0841701801731979,False,1.2931297593748847,0.6975800015242848,True,-65.64983753676957,-2.5029980361303292,18.419810521005818,best_features,0.0125
850.0,645.4819548424252,True,111.11111111111111,42.99457853117221,,,109.57163366368385,0.4074310584343408,0.2755530858584052,0.06196304591964743,0.06226635756629728,0.052943318265441415,0.009923586452182685,False,0.049678743371446885,1.0,False,-70.86612574225677,-4.579734202148439,45.96997479775922,best_features,0.0125
900.0,682.444649204679,False,,116.52275206383271,,,104.71296755942059,0.46451569821986993,0.30761765281911835,0.04632468935156448,0.029165343879161254,0.044403123870902145,0.037045556782656135,False,0.05546057996234076,1.0,False,-73.17086511384672,-3.454992653425906,41.3351450269575,best_features,0.0125
950.0,721.2714260182299,False,,31.43584617456084,,,100.01880779371224,0.4166785479919639,0.34545929974885325,0.052162411315073556,0.027905210457960794,0.034640913779350184,0.15785860823321266,False,0.062283074270517845,1.0,False,-76.78435586965405,-1.7974817392034292,36.982228912358224,best_features,0.0125
1000.0,756.6243660265701,False,,19.862984898492012,,,96.01395860581091,1.2062337656317794,0.9037058178878397,0.10783351521651299,0.014909671813822745,0.10103463669331321,0.7946449703377413,False,0.14995035722498862,1.0,False,-78.84121990904056,-0.1393593999680688,34.179787197095166,best_features,0.0125
1100.0,834.7865599618726,False,,12.793019557431686,,,88.80902169723407,1.0511206437082876,0.7326912446725373,0.20790945069451183,0.09702490151184029,0.10451490905389278,0.9309182983552681,False,0.09313950686097384,1.0,False,-86.44008454038965,0.30403938811271947,38.30550290482391,best_features,0.0125
1200.0,906.8051472486442,False,,30.141487785426296,,,82.83119996109154,1.0633105637332818,0.8750333877780037,0.1101823039430911,0.0181169050076897,0.06015833832144358,0.9285041890314835,False,0.11123258644387134,1.0,False,-90.04932776168074,-0.16767319227119556,38.07930327199598,best_features,0.0125
50.0,37.99008122008859,False,,10.571702929285907,,,95.83776553437824,0.5474322897706543,0.5132201620322405,0.15363514874168815,0.5041857385966266,0.30443711423369396,0.07713808831799403,False,0.14919190756751188,1.0,False,7.361726425467367,-2.418889281605373,30.840274571573385,best_features,0.00625
100.0,76.17083384633712,False,,10.996397776951676,,,178.849549272664,0.3823045955676605,0.3132079449107721,0.13936310424700432,0.4843038018966809,0.23442370667658521,0.029986149959367436,False,0.06085607183452921,1.0,False,7.706581945931333,-4.06383157798598,39.71816277894593,best_features,0.00625
150.0,114.17150902555795,False,,21.4376729087657,,,243.6009981440132,0.4210176880184804,0.31660345461514794,0.10143041164351027,0.3536883521755352,0.025655520480771465,0.03275324411400722,False,0.07785458481659087,1.0,False,3.338558213320141,-4.005047119168785,37.6568575263314,best_features,0.00625
200.0,152.16154020295048,False,,21.456805626272992,,,291.78843405462567,0.9219052044780938,0.8359853048086165,0.23914711211737427,0.8362232552811293,0.2425087708189733,0.042824435695568784,False,0.21694745025396062,1.0,False,-6.303582450324825,-2.6244761230506093,31.14166333426845,best_features,0.00625
250.0,189.60094286792295,False,,19.377489977514582,,,321.16490088418067,0.5326276372691154,0.46151767537952537,0.14046494118766376,0.30950384411258136,0.08682639904041632,0.007091793253817567,False,0.19666667037948,1.0,False,1.6901774485371561,-3.4727556144609304,32.69876379692331,best_features,0.00625
300.0,228.15229898524512,True,27.027027027027028,29.36755002350666,,,245.10581854813842,295.66331836947484,252.13385211598919,193.26441267714046,0.7273140362363555,155.77588968646313,0.7902549047982161,True,2.7670528107549304,-0.2867374309808285,True,12.392947587742356,-0.3274559622483688,9.686252070227454,best_features,0.00625
350.0,266.70376233691485,True,31.25,28.05635235850336,27.397260273972602,0.0684931506849315,248.78705503858808,372.99590087144605,329.7227366918927,260.18909721345113,0.7727117287408652,192.53354530926725,1.0422052073610408,True,3.286709895254114,-0.34134201470211933,True,58.84857352373655,0.18852815109496762,15.381872030724994,best_features,0.00625
400.0,303.2005083702369,True,35.714285714285715,35.79713549606616,35.714285714285715,0.03571428571428571,216.5306004633144,379.7524739546575,368.190626008731,280.2860523182785,0.6350926753314531,205.20396374715756,1.0081112555020413,True,4.654354511169484,-0.21818973556115384,True,28.545522245492663,0.07074728603911495,18.820624085859436,best_features,0.00625
450.0,341.5718172250129,True,43.47826086956522,42.03008276748836,43.47826086956522,0.05892556509887897,203.22554179829507,392.1180348059206,379.2239567697334,296.01650163473755,0.6456770362048289,294.3704710358952,0.998243400020589,True,6.456711214417264,-0.14094927690544434,True,17.20626622403762,0.055832577762783976,25.682437092481212,best_features,0.00625
500.0,380.88580812995247,True,46.51162790697674,46.42635613495852,43.47826086956522,0.0642824346533225,195.98080119000448,384.8699030921271,370.05198154384476,271.8521556259788,0.584355858435011,266.8260313992207,0.9862081454602869,True,8.339500275927582,-0.09844046515239346,True,9.723375447430215,0.1099284142765551,32.33631423946864,best_features,0.00625
550.0,419.0559644140832,False,,59.00389900418479,60.60606060606061,0.19061002054140766,169.68829258576872,362.383612570545,294.4228981296765,182.81697489547128,0.44447855694766947,114.87865401182967,0.7270938334953604,True,8.529052668878235,0.10063524688637493,True,-15.427219628785707,-0.2468423021924177,32.66825814297487,best_features,0.00625
600.0,457.8085803363978,True,66.66666666666667,65.75602507843298,66.66666666666667,0.02631578947368421,140.81837755534698,274.4929070026586,268.0105780575823,251.74306070159363,0.8163557220225136,247.21490537712117,1.000614746234626,True,10.420317964913774,0.17946746184012907,True,-45.31059805554409,0.11312894089730278,39.98532594275329,best_features,0.00625
650.0,494.4853744265939,True,76.92307692307692,75.48445387624905,76.92307692307692,0.035355339059327376,132.5287951341364,238.3624399589401,233.9797877279095,221.3630830156242,0.8434150078518425,217.13667499127425,0.9842881749715253,True,12.263091599995267,0.3055756851678215,True,-51.567443806457675,0.0916690085489133,46.362176532094,best_features,0.00625
700.0,532.8566832813709,True,83.33333333333333,86.10697749696541,83.33333333333333,0.042766686606638946,126.63770041165742,187.70854828741824,184.2659009930537,177.9032791630509,0.8894818078770654,176.8792426223235,0.9716053310337571,True,13.224762153749523,0.4459888280027575,True,-55.07437912299608,0.2619159403871356,50.34098704174541,best_features,0.00625
750.0,570.0736739678696,True,100.0,96.86392959975281,100.0,0.046662449954306226,120.85517949235509,119.366407157565,117.34174480401985,117.57152821010179,0.9503724756659968,117.26714455676063,0.9293716359420034,True,8.445862409778742,0.5868232385527847,True,-60.228384171011186,-0.029803511300470546,39.869256873115724,best_features,0.00625
800.0,606.2950294894458,True,111.11111111111111,106.85631188491891,111.11111111111111,0.050507627227610534,115.25838032369691,13.479906180569401,9.090408170728082,6.165633863657999,0.718301978339218,3.1130098525167194,0.05935253159082636,False,0.9823963527312481,0.7038517050590967,True,-65.62320581491696,-2.8523439645131403,19.311465593400094,best_features,0.00625
850.0,645.4819548424252,False,,121.29125141472002,,,109.57404139596117,0.6300339705199605,0.4785300694079808,0.2271258266650733,0.3946672882853589,0.149371742908002,0.020965122523846302,False,0.08627293154632114,1.0,False,-70.86371800997945,-3.8317883708098264,41.85596373519053,best_features,0.00625
900.0,682.444649204679,False,,121.11464079722239,,,104.70223907252472,0.5668353017627652,0.34530950256454673,0.11816778005771876,0.1382262346109665,0.07394060856183424,0.046646687162633274,False,0.06225606724201272,1.0,False,-73.18159360074259,-3.2245391630447275,40.37432147616594,best_features,0.00625
950.0,721.2714260182299,False,,30.378848557252343,,,100.04295388349703,0.5096392155980709,0.372199613440344,0.07516985830597155,0.05083361608815917,0.04572616001362308,0.15584594053614323,False,0.0671041022320602,1.0,False,-76.76020977986926,-1.810313528357744,36.89216049319932,best_features,0.00625
1000.0,756.6243660265701,False,,20.234493914599728,,,96.01239551971878,1.2137364877146695,0.8918646771909948,0.11720060292426981,0.018479009437713634,0.10414681443644548,0.8056370292551835,False,0.14798557704730517,1.0,False,-78.8427829951327,-0.12562153152186717,34.21642088984619,best_features,0.00625
1100.0,834.7865599618726,False,,14.024071712175934,,,88.80355061197557,1.068480485278144,0.7396170204290087,0.19093234529112976,0.09327664477093156,0.08544216445744295,0.9282695566064922,False,0.0940199095452938,1.0,False,-86.44555562564815,0.30119003264413363,38.27542792188239,best_features,0.00625
1200.0,906.8051472486442,False,,30.188431745979422,,,82.86078438064465,1.055771160877498,0.8646852848615936,0.110557186029461,0.01839675096001414,0.05358427984731327,0.9050592450536338,False,0.10991715520632446,1.0,False,-90.01974334212764,-0.19324767896059636,38.122304969973555,best_features,0.00625
50.0,37.99008122008859,False,,10.53702796605988,,,95.77569128053513,0.5452343713353685,0.5128326870686521,0.154295846825491,0.5048711798973027,0.3074446333587502,0.07640960324849219,False,0.1490792694967013,1.0,False,7.29965217162426,-2.428378066854419,30.864644197961553,best_sustained,0.025
100.0,76.17083384633712,False,,10.949010382288112,,,178.74299180959892,0.384107622223695,0.31836371891989756,0.14137364804379335,0.49009020477939425,0.237613591531122,0.029378734737494857,False,0.06185783490778498,1.0,False,7.600024482866246,-4.084296080643016,39.78288477634786,best_sustained,0.025
150.0,114.17150902555795,False,,21.26225318257635,,,243.67077629935693,0.38689401965544334,0.2887102044513483,0.10220374894423863,0.3782667889480146,0.016585817088985627,0.02952738872934345,False,0.07099547643027314,1.0,False,3.4083363686638677,-4.108730869137492,38.19153104017436,best_sustained,0.025
200.0,152.16154020295048,False,,20.84932125537625,,,291.74370519703484,0.8054973160337227,0.7067935046542289,0.28496510239585043,0.8580192462109981,0.03322575189216201,0.08154425571978652,False,0.1834207465236479,1.0,False,-6.348311307915651,-1.9804391023535948,29.906691362018396,best_sustained,0.025
250.0,189.60094286792295,False,,17.010140827307275,,,318.55895896060673,0.48512218011984487,0.3732432821224734,0.13880693795594423,0.4042675408392311,0.16151814070192977,0.010185736897419192,False,0.15905027575850073,1.0,False,-0.9157644750367808,-3.1107054519145327,31.63119877841105,best_sustained,0.025
300.0,228.15229898524512,False,,22.314341749780787,,,228.37809900701276,368.6945769903233,367.1906061668447,319.4066869457875,0.7567853235782427,271.90052513629155,1.0005933109941967,True,4.029747653279684,-0.45804179409992407,True,-4.334771953383296,-0.0914631059290911,19.365557265375323,best_sustained,0.025
350.0,266.70376233691485,True,27.77777777777778,27.856864699850195,27.397260273972602,0.0136986301369863,211.21415046132313,393.68583986908186,392.87951011207514,371.7418693702014,0.7510188130515588,340.37952670818686,1.0009509081248953,True,3.916263059330893,-0.34602523715603395,True,21.275668946471598,0.14813974740425814,16.858180883897546,best_sustained,0.025
400.0,303.2005083702369,True,31.25,31.851299694363664,31.746031746031747,0.015873015873015872,212.91541706050188,410.8747139867998,408.7848831889203,390.79705712986777,0.7819212810037641,365.60649700834006,1.0052515450438682,True,5.167512779434869,-0.30436688043075666,True,24.93033884268013,0.06790655372748629,22.26163282254621,best_sustained,0.025
450.0,341.5718172250129,True,35.08771929824562,35.26416921425115,35.08771929824562,0.017543859649122806,185.82414282144086,422.1906265975589,420.409878774211,413.06144077585697,0.7936997594505898,387.67530753217403,1.0004041683315208,True,7.157947514854624,-0.27923743975435633,True,-0.19513275281659048,0.05799480905057097,29.835349973765897,best_sustained,0.025
500.0,380.88580812995247,True,38.46153846153846,38.34231847069058,38.46153846153846,0.01790143749839361,198.0473541582328,427.8960197376061,422.46037199837644,414.7995372097273,0.8067930064996962,414.4573712867967,0.9931161461919165,True,9.520577012317665,-0.2554254590877666,True,11.789928415658522,0.11690860323192044,37.96410118686907,best_sustained,0.025
550.0,419.0559644140832,True,41.666666666666664,41.48994035763308,41.666666666666664,0.0,190.30902983625074,426.04201127322415,420.63829173129744,410.4310156508974,0.8029027018990388,399.4789785453719,0.999467590022217,True,12.185350281903176,-0.22606316668012572,True,5.193517621696316,0.07132488636947762,45.48786213545386,best_sustained,0.025
600.0,457.8085803363978,True,45.45454545454545,44.847745045272184,45.45454545454545,0.021107665110046196,158.55737808804156,418.1761400074713,409.5335199488489,389.1898262269175,0.8069773771771227,389.6203239919007,1.003302555879669,True,15.922765161308279,-0.19556487858403604,True,-27.571597522849515,0.11581149796093229,54.84157067611763,best_sustained,0.025
650.0,494.4853744265939,True,47.61904761904762,48.50387444075051,47.61904761904762,0.020868082018902136,160.97044109460018,401.36809456322175,396.21851337910726,381.4159742168719,0.7889623775264354,372.3501107857868,0.9889952868705837,True,20.766169464313815,-0.16107919108623237,True,-23.1257978459939,0.096439859689462,64.01264526219038,best_sustained,0.025
700.0,532.8566832813709,True,52.63157894736842,52.79822080056034,52.63157894736842,0.02309401076758503,142.84784046725022,374.07175558831284,369.7617691844033,355.19656746150997,0.800002534922875,345.05731433758797,0.9782583059757732,True,26.537799042904325,-0.11336293950483134,True,-38.864239067403275,0.2687400081154024,73.18899632271722,best_sustained,0.025
750.0,570.0736739678696,True,58.8235294117647,58.59149268330286,58.8235294117647,0.023255813953488372,137.07564741843092,340.29275726784647,336.33728248324945,326.1853885184646,0.7914617616482669,319.24550177520865,1.0000821133003035,True,24.208421443509135,-0.04015516864187074,True,-44.00791624493536,0.04352518010224576,68.94214886534073,best_sustained,0.025
800.0,606.2950294894458,True,66.66666666666667,65.18332483779133,66.66666666666667,0.030743773095067282,135.3451162710912,300.2534399935194,296.43836572700576,295.4976262050515,0.8183555614525204,289.34210666992226,1.002309503644915,True,32.03596184355905,0.03936508014522344,True,-45.53646986752267,-0.025776620115846572,78.161081984815,best_sustained,0.025
850.0,645.4819548424252,True,71.42857142857143,72.56204676379872,71.42857142857143,0.026940578042166135,125.82691810749907,253.0452561253086,250.90687077545243,252.01870066453628,0.8550042879976135,246.92094854687053,0.9917072115593636,True,45.23534187452931,0.1375240654758687,True,-54.61084129844156,0.024779318457212783,88.83941758049548,best_sustained,0.025
900.0,682.444649204679,False,,30.85941828551704,,,118.23260737751824,0.2504426007365623,0.1912735550689888,0.061960583455833475,0.11372160702559075,0.0354581029151941,0.002726332270429795,False,0.03448482945750358,1.0,False,-59.65122529574907,-6.0641838578627985,53.657701481296094,best_sustained,0.025
950.0,721.2714260182299,False,,33.1683867367145,,,115.2825134475115,0.2427219144559558,0.1997778474304397,0.04802007980199533,0.056499125268456574,0.04580716538771259,0.2131580524247453,False,0.0360180736722389,1.0,False,-61.520650215854786,-1.4971475662779312,35.79098259835467,best_sustained,0.025
1000.0,756.6243660265701,False,,19.232162924510302,,,107.02226021010553,0.6897226844091477,0.5677875500496299,0.07868180136748566,0.019865348794041116,0.04818540694084734,0.8057533296475337,False,0.09421201487540933,1.0,False,-67.83291830474595,-0.12547718364004012,34.36416660325047,best_sustained,0.025
1100.0,834.7865599618726,False,,14.700864759962274,,,103.55425623944122,0.5930971621606886,0.44455694941554214,0.11577316396407461,0.08813026657150602,0.14240872968857984,1.1257504024180425,False,0.05651195553549714,1.0,False,-71.6948499981825,0.4940729882034145,38.26682767406449,best_sustained,0.025
1200.0,906.8051472486442,False,,31.247053731337928,,,97.10114013772234,0.7134382063318299,0.5666849710557926,0.08451753787074037,0.025883944291156147,0.04642948881774596,1.0271031939560111,False,0.07203591989726213,1.0,False,-75.77938758504995,-0.06675039881499072,37.925785886982375,best_sustained,0.025
50.0,37.99008122008859,False,,10.582928842555992,,,95.78851254918096,0.5471417171273742,0.5133989625308146,0.1532244911765403,0.5031106233041677,0.30421357892071443,0.07640081942075573,False,0.14924388445663225,1.0,False,7.312473440270097,-2.428493030579965,30.863582497627355,best_sustained,0.0125
100.0,76.17083384633712,False,,11.16345194085265,,,178.76353578827934,0.3828112295088886,0.314176509691805,0.13663235213327288,0.47476481663142156,0.23115218172673224,0.029209700679512098,False,0.061044263254474596,1.0,False,7.620568461546668,-4.0900663158707395,39.824693119381116,best_sustained,0.0125
150.0,114.17150902555795,False,,21.29002187417983,,,243.693079943053,0.3878924059080475,0.2915116312731527,0.09866627156720281,0.3699905854290966,0.016009325378727828,0.029671721458956808,False,0.07168436317148309,1.0,False,3.4306400123599303,-4.103854680453574,38.160997925167564,best_sustained,0.0125
200.0,152.16154020295048,False,,20.788096319719422,,,291.7503041968528,0.7702114103290683,0.6730869118748615,0.2739028038629604,0.8358102046193874,0.029326874237369228,0.07975602834390684,False,0.1746735121904961,1.0,False,-6.341712308097669,-2.0026126608604984,30.03766649650523,best_sustained,0.0125
250.0,189.60094286792295,False,,16.95905558432981,,,318.59528917098004,0.47686693759624177,0.36829635073661393,0.13493037633814217,0.39550309004018347,0.15265654985750532,0.009823832763866867,False,0.15694223835028515,1.0,False,-0.8794342646634732,-3.1468825021821143,31.759137706126992,best_sustained,0.0125
300.0,228.15229898524512,False,,22.45872366264026,,,228.59481748066807,368.6213850472331,367.340909442906,318.73124002080607,0.7550212571298728,276.2078048299104,0.9979512464597955,True,4.031397162455072,-0.4545351272515279,True,-4.11805347972799,-0.0941070960905314,19.293027993771826,best_sustained,0.0125
350.0,266.70376233691485,True,27.77777777777778,27.895947456745454,,,213.32958603938553,393.7096108144479,392.29130965570283,365.03330323321615,0.7485427342329243,335.4417757532572,1.0013202496564655,True,3.9103998171421734,-0.3451077205242358,True,23.391104524534,0.14850866999930612,16.871414218504015,best_sustained,0.0125
400.0,303.2005083702369,True,32.25806451612903,32.061303004995665,31.746031746031747,0.015873015873015872,217.37426314813231,410.51238076797966,407.8419864717562,385.8248580213903,0.7825394574096741,362.512990352506,1.0037917030437564,True,5.15559347655453,-0.2997804032855035,True,29.389184930310563,0.0664532826160424,22.288073866122325,best_sustained,0.0125
450.0,341.5718172250129,True,35.714285714285715,35.66399493777508,35.714285714285715,0.0,185.06075033093524,421.9277474003507,417.7630821717483,408.6951314986415,0.7760162618696909,385.5135982343883,0.9983794423424874,True,7.112882847920147,-0.27106542213533025,True,-0.9585252433222138,0.05596885019162979,29.542029621944792,best_sustained,0.0125
500.0,380.88580812995247,True,38.46153846153846,39.01892732627847,38.46153846153846,0.018366409900949284,194.4367488866655,427.2728193702615,422.62752793311637,410.8428192078021,0.7963460735546157,410.6079999935127,1.0028779544830064,True,9.524344042446975,-0.242286302455608,True,8.179323144091228,0.12669008116277058,37.7697608345084,best_sustained,0.0125
550.0,419.0559644140832,True,41.666666666666664,41.958472301187236,41.666666666666664,0.018232113763882916,191.09381966738155,425.99044745534826,422.2153022106138,414.65213296233827,0.7905738654478356,398.12685556140366,1.009877388088604,True,12.231034247120917,-0.21732335829337313,True,5.978307452827124,0.0816863636795463,45.53286804235559,best_sustained,0.0125
600.0,457.8085803363978,True,45.45454545454545,45.52093999184366,45.45454545454545,0.0,165.86390569618487,417.0365461509665,409.51273700177484,382.0661417823557,0.8060424172889521,382.20827974868826,0.9885271416393837,True,15.921957115154543,-0.18348976403735884,True,-20.265069914706203,0.10097520419280355,54.504999630592536,best_sustained,0.0125
650.0,494.4853744265939,True,50.0,49.22501462090409,50.0,0.021383343303319473,159.68498904158068,399.9998320438548,393.59144500548894,377.7713339667439,0.7994646261691158,365.57231566286293,0.9798189758543194,True,20.628482442635704,-0.14860638328994658,True,-24.4112498990134,0.08711812971462723,63.66622552158111,best_sustained,0.0125
700.0,532.8566832813709,True,52.63157894736842,54.00694904539976,54.054054054054056,0.02702702702702703,143.12402851140155,373.1893290925941,367.46170163108155,349.3815495878159,0.8033074565145978,342.5123951975691,0.9939701341690206,True,26.372723214081372,-0.09306484533248882,True,-38.58805102325195,0.2846734165111284,72.78792014326739,best_sustained,0.0125
750.0,570.0736739678696,True,58.8235294117647,59.27353063102575,58.8235294117647,0.025851504590580256,140.60425763197838,337.763870198113,334.5349844705916,322.93979748293617,0.806239021951185,315.2220276109305,0.9919708868379316,True,24.07869812073301,-0.02898203464355431,True,-40.47930603138789,0.03538155009949748,68.49607669473373,best_sustained,0.0125
800.0,606.2950294894458,True,66.66666666666667,66.34555304888684,66.66666666666667,0.024572175576920763,129.6148642392432,296.9996526089138,293.58375143875,291.38036711777664,0.8182714940405619,284.3438100902153,0.9985221851567078,True,31.727464951827915,0.057897111470387896,True,-51.26672189937068,-0.029562368844928032,78.09312923935147,best_sustained,0.0125
850.0,645.4819548424252,True,71.42857142857143,73.1739653078429,71.42857142857143,0.03646422752776584,128.4642248124067,247.19681808967783,244.89812341433444,249.02943468280318,0.8582008074435172,245.49854006109436,0.9877508498878365,True,44.15204056724426,0.1471168498721942,True,-51.97353459353391,0.020781894094515425,87.51448342367358,best_sustained,0.0125
900.0,682.444649204679,False,,30.86219438751174,,,121.00839686577548,0.24784978421728,0.19308855856372986,0.06136930299976768,0.10981846629300451,0.04213508198100911,0.006237008407026304,False,0.034812057578287675,1.0,False,-56.875435807491826,-5.236640427610889,48.580919925683204,best_sustained,0.0125
950.0,721.2714260182299,False,,33.035639729263345,,,114.70523855257716,0.24717791921936794,0.20233017717417567,0.05004273924162813,0.06042289010983315,0.04625285900949162,0.40020044655922793,False,0.036478234805858774,1.0,False,-62.097925110789134,-0.8672159489930518,35.0488146001562,best_sustained,0.0125
1000.0,756.6243660265701,False,,19.398942093218846,,,107.04121655113174,0.6931499669209131,0.5682869327824136,0.07851968506536137,0.01969726173471087,0.04431290918124135,0.8763818382359135,False,0.09429487659621569,1.0,False,-67.81396196371973,-0.04145295232333979,34.353307078459366,best_sustained,0.0125
1100.0,834.7865599618726,False,,14.692475303267626,,,103.74570392181666,0.5995495879751758,0.44582354919846523,0.11747901773559964,0.08924296859957204,0.13809492243491805,1.140331022924004,False,0.05667296534696882,1.0,False,-71.50340231580707,0.5069417417801957,38.25004394653828,best_sustained,0.0125
1200.0,906.8051472486442,False,,31.235692889856896,,,97.07476987440667,0.7142428693102119,0.5674747318928866,0.08414176001276563,0.025638867204437532,0.04657573929219049,1.025311503279844,False,0.07213631279861771,1.0,False,-75.80575784836562,-0.06849633362408418,37.924697343744775,best_sustained,0.0125
50.0,37.99008122008859,False,,10.60559084010921,,,95.81424729717622,0.5483859640870605,0.5139130660277544,0.1523946059128257,0.5011375794680222,0.302021790576343,0.07629850429060875,False,0.14939333314760314,1.0,False,7.338208188265355,-2.429833117005653,30.865872454269415,best_sustained,0.00625
100.0,76.17083384633712,False,,11.24072317146192,,,178.80775299082714,0.3830496536273529,0.3132824507167413,0.13517096421835742,0.46989321061056544,0.22847606872021703,0.029182403141932885,False,0.060870548257473865,1.0,False,7.664785664094467,-4.091001289532633,39.832746271297374,best_sustained,0.00625
150.0,114.17150902555795,False,,21.190273176335435,,,243.69962406084514,0.4352780992809926,0.33683978596647535,0.09799363527149632,0.36373463973468156,0.02468759974333426,0.0325294131054858,False,0.08283081344771451,1.0,False,3.437184130152076,-4.011904434576901,37.61694674213244,best_sustained,0.00625
200.0,152.16154020295048,False,,21.31736135989944,,,291.7605803917433,0.8514525347870858,0.7649661667018677,0.25743602523330394,0.8585344023171659,0.015520961352160424,0.07651038685387894,False,0.19851719694344303,1.0,False,-6.3314361132071895,-2.044158482704361,29.897872370881768,best_sustained,0.00625
250.0,189.60094286792295,False,,16.832703734931915,,,318.6607725451274,0.45463440356638785,0.36075610674180325,0.12181971209239757,0.350081148555889,0.1460353540650543,0.009658113992075794,False,0.15372911183440724,1.0,False,-0.8139508905161392,-3.1638954599727045,31.83054906965158,best_sustained,0.00625
300.0,228.15229898524512,False,,22.478666375702257,,,230.46090649378473,368.5429437720518,366.58421531021236,316.03399468338876,0.7497591095969607,286.4679201231353,0.9992133595956345,True,4.02309279313227,-0.45405076983184434,True,-2.2519644666113265,-0.09284319095219032,19.23236159120476,best_sustained,0.00625
350.0,266.70376233691485,True,27.77777777777778,28.135307150912162,,,215.0706804177526,393.48499092580164,391.5709725271789,362.8556089727757,0.756823039226181,335.9545178044945,1.002041842791427,True,3.9032194231178123,-0.3394884521351439,True,25.13219890290108,0.14922905216974625,16.79136752134768,best_sustained,0.00625
400.0,303.2005083702369,True,32.25806451612903,32.1563704528702,31.746031746031747,0.015873015873015872,219.59379223726202,410.35771533234305,407.6358749501316,382.9081588613127,0.7898533352335252,360.9470875647714,0.9997307526118375,True,5.152987989008917,-0.2977041280324044,True,31.60871401944027,0.06239946631692216,22.32925337030126,best_sustained,0.00625
450.0,341.5718172250129,True,35.714285714285715,35.62544805877075,35.714285714285715,0.0,183.35282414989138,421.60398708487554,416.61628831681577,404.07231588128997,0.778530146362401,382.7953748543478,0.9989122314637447,True,7.093357402305266,-0.27185327983394325,True,-2.6664514243660733,0.056502361787239185,29.47789104421605,best_sustained,0.00625
500.0,380.88580812995247,True,38.46153846153846,39.175019111389126,38.46153846153846,0.018366409900949284,194.69736860823195,427.0952492706853,421.7603935609339,410.7497903978728,0.7960926597791543,411.60851995906705,0.9968697401118372,True,9.504802281568104,-0.23925513548724187,True,8.439942865657684,0.1206810906625204,37.66788645602564,best_sustained,0.00625
550.0,419.0559644140832,True,41.666666666666664,42.31863265365468,42.5531914893617,0.03491183989847789,187.81258318871141,425.3094117977466,422.29260829357895,417.09635984956526,0.7832484267317852,398.68903097634626,0.9989414617369277,True,12.23327370491249,-0.21060507043194587,True,2.6970709741569863,0.07079833921739997,45.44897781893617,best_sustained,0.00625
600.0,457.8085803363978,True,45.45454545454545,45.666919835509766,45.45454545454545,0.0,176.21443184425044,416.0250337246948,410.56883895379264,388.36477921689624,0.8040732898086755,385.5432319708457,0.9860430165812877,True,15.963018621842638,-0.18087131994066485,True,-9.914543766640634,0.09845908557498055,54.38818473628818,best_sustained,0.00625
650.0,494.4853744265939,True,50.0,49.43110282467225,50.0,0.021383343303319473,162.0813835930804,399.58912078835397,394.1227610850559,377.74770786396437,0.7982360044800848,367.35493541297814,0.9681846015991545,True,20.656329197329992,-0.14504189107966003,True,-22.014855347513674,0.07517306685479018,63.6276908571193,best_sustained,0.00625
700.0,532.8566832813709,True,55.55555555555556,54.33922988556699,54.054054054054056,0.02702702702702703,146.24402098890747,372.3469774679754,364.5938249678563,345.480074987832,0.8027722386288351,343.0639763331755,0.994736265911782,True,26.166895730249337,-0.08748487496762347,True,-35.46805854574603,0.28544389905257433,72.25833086639592,best_sustained,0.00625
750.0,570.0736739678696,True,58.8235294117647,59.74928937319364,58.8235294117647,0.029511924611845517,139.897037861976,337.2264857008915,332.3754469296845,320.4195531883015,0.7948668103685684,313.8300145184066,0.9998032664469382,True,23.923261903471058,-0.02118816306373994,True,-41.186525801390275,0.043246317265408986,68.23390290329206,best_sustained,0.00625
800.0,606.2950294894458,True,66.66666666666667,66.70261475106443,66.66666666666667,0.04216370213557839,130.98588736059136,296.0685211021496,294.48984232044285,291.58659642724507,0.855248359119319,281.23378130962163,0.9909165731980298,True,31.82538578890148,0.06359055324593599,True,-49.895698778022506,-0.03720839361425745,78.1702810378054,best_sustained,0.00625
850.0,645.4819548424252,True,71.42857142857143,73.62346978347156,71.42857142857143,0.03646422752776584,126.41989143165303,244.20142278660535,242.04665832121907,247.2087752574015,0.858060536465377,241.1608684567998,0.9848166337730107,True,43.637957401917966,0.1541635386216329,True,-54.0178679742876,0.01780686961164919,87.1179253445471,best_sustained,0.00625
900.0,682.444649204679,False,,16.2600304851359,,,120.94529376976317,0.2549567829539967,0.1870341917360605,0.05083949707250901,0.06973850230139822,0.06444383483099089,0.009133921271509906,False,0.033720511977799204,1.0,False,-56.93853890350414,-4.855145977634734,46.61024469881521,best_sustained,0.00625
950.0,721.2714260182299,False,,32.82909007332923,,,114.40949933762077,0.24646209379049822,0.2043110916735884,0.040043088060206726,0.0401477271353885,0.037235074047581654,0.514173309183278,False,0.03683537512594905,1.0,False,-62.39366432574552,-0.6166211009591983,34.86921207484551,best_sustained,0.00625
1000.0,756.6243660265701,False,,18.84580811453418,,,107.04852947999575,0.686906390670714,0.5720414335610542,0.08022805425681946,0.020793076956292622,0.04308253071410267,0.9283663117251064,False,0.09491785447443106,1.0,False,-67.80664903485572,0.0161715506770943,34.3372565588575,best_sustained,0.00625
1100.0,834.7865599618726,False,,14.671344106730299,,,103.80339848799137,0.5989831129722347,0.4453094446313344,0.114621327963676,0.0853399576474757,0.14552395559464112,1.129750200779216,False,0.05660761251764855,1.0,False,-71.44570774963235,0.49761969756659574,38.24259438879397,best_sustained,0.00625
1200.0,906.8051472486442,False,,31.212246773575803,,,97.19841749524265,0.7180799203504762,0.5718779569358503,0.08390736477269342,0.02539341364744796,0.045557555590605446,1.016434484576632,False,0.07269604242386893,1.0,False,-75.68211022752963,-0.07719190564014634,37.89299482155961,best_sustained,0.00625
50.0,37.99008122008859,False,,19.590165599984708,250.0,0.0886963134018564,95.81209303461145,6.087670211065884,4.69331357853298,0.3351148699579137,0.0038947796766064524,0.043458005774875866,0.7813609705874622,False,1.3643353425967972,1.0,False,7.336053925700583,-0.10344921878198143,25.2770200656537,best_timing_bound,0.025
100.0,76.17083384633712,False,,47.264303797405574,250.0,0.11733053024210234,178.7847889976853,5.771419376130041,4.822692062198456,0.2738921984458476,0.002592712200977454,0.22136536023884615,1.2818836836630172,False,0.9370454975418127,1.0,False,7.641821670952623,-0.3084812820332541,25.098401861836614,best_timing_bound,0.025
150.0,114.17150902555795,False,,32.60778603045054,250.0,0.5685520361140011,243.68265996467665,7.1741267755507465,5.666261264840529,0.23916026965990006,0.001580052613251004,0.12181906931516091,0.8113975992567436,False,1.3933657760390834,1.0,False,3.4202200339835827,-0.7952909412591612,25.649584846414868,best_timing_bound,0.025
200.0,152.16154020295048,False,,20.586573307983016,250.0,0.4215281134316229,291.81440678482306,6.1950961709993635,5.758722915856879,0.4841753186208548,0.006705205667417058,0.19688238781506223,1.1269706857686284,False,1.4944524097827494,1.0,False,-6.27760972012743,0.6457035126606112,25.694139579826274,best_timing_bound,0.025
250.0,189.60094286792295,False,,46.877255121377026,45.45454545454545,0.045454545454545456,321.4601625024618,3.816502759984928,3.4707512776948874,0.1605553246823168,0.0021046593295096505,0.025259235794626887,0.6769054638365356,False,1.4789923201495248,1.0,False,1.9854390668182873,1.0858377731138782,25.8897982968959,best_timing_bound,0.025
300.0,228.15229898524512,False,,26.177051198619573,,,318.0001861998556,3.437866047757609,2.792647290267041,0.3195726751256954,0.01343534316534234,0.11401630003432145,0.7909406596397057,False,0.030648016793975438,1.0,False,85.28731523945953,-0.3265885744313178,88.05966102408591,best_timing_bound,0.025
350.0,266.70376233691485,False,,43.14521271288699,,,293.6887510345004,2.9640657016144587,2.2570394475520175,0.12369515481739202,0.0029236809763136806,0.07128820351229127,0.7990337965561053,False,0.022498399596810385,1.0,False,103.75026951964887,-0.0771627444359935,98.44053432477448,best_timing_bound,0.025
400.0,303.2005083702369,False,,195.79388971694507,,,269.20569865067154,2.2545737566084085,2.0102848629414325,0.12715316062444812,0.005358767451431934,0.09198574852847116,0.7833195330065766,False,0.025412321117445586,1.0,False,81.22062043284978,-0.18154582814697337,87.95701919633763,best_timing_bound,0.025
450.0,341.5718172250129,False,,10.000003498264658,,,246.03372941243526,2.04206533722072,1.8339577066120398,0.15927914943755117,0.005723521003577092,0.2076491527164422,0.9293822191458911,False,0.031225177311883383,1.0,False,60.014453838177815,-0.015644471682095894,76.04625668204842,best_timing_bound,0.025
500.0,380.88580812995247,False,,10.944636785574332,,,225.85326198791023,1.6634510335332777,1.4458606331590431,0.19991722457743982,0.027147710584033646,0.09967530727984006,0.6262428284555646,False,0.03258394968965741,1.0,False,39.59583624533596,-0.3442008181543843,68.14575278273271,best_timing_bound,0.025
550.0,419.0559644140832,False,,18.69510481634714,,,209.03913669004882,1.6370419261624534,1.387046520987326,0.06853853973329212,0.0022417378419804512,0.03943875917801222,0.7921209900048555,False,0.04018095367865952,1.0,False,23.923624475494393,-0.1611836955496951,60.013919732291015,best_timing_bound,0.025
600.0,457.8085803363978,False,,10.000003498264658,,,194.33454773372713,1.2316255461541914,1.0219956737332154,0.1496161397061925,0.032223842579225725,0.15560836644622486,0.5189421654035535,False,0.03973544610160247,1.0,False,8.20557212283606,-0.5434484531590482,54.25936357476119,best_timing_bound,0.025
650.0,494.4853744265939,False,,15.740569642600187,,,182.13536260001464,0.9895717136616042,0.7673503285453478,0.06531447798235435,0.008412551568609095,0.056617772615261706,0.5884746539845949,False,0.04021752246044803,1.0,False,-1.960876340579432,-0.4227158494437897,48.612062319642256,best_timing_bound,0.025
700.0,532.8566832813709,False,,10.000003592379835,,,171.09479058334938,0.9826989250001077,0.8680387834788803,0.07136184989089013,0.004295259764383497,0.09143820877904488,0.6046392389575986,False,0.06229913613898115,1.0,False,-10.617288951304118,-0.21240176265632588,41.490560714971366,best_timing_bound,0.025
750.0,570.0736739678696,False,,26.207811773048284,,,161.711478906378,1.8498095494520044,1.4693965512751106,0.1622119058558111,0.012824676872071672,0.02606266163138789,1.0126939922422031,False,0.1057622001292061,1.0,False,-19.372084756988272,0.0560571690954478,38.533115910770185,best_timing_bound,0.025
800.0,606.2950294894458,False,,16.2802918488546,,,153.36676128248644,1.2803067050167272,1.0179117820673866,0.13469026919830018,0.022048513608021958,0.11810137933108257,0.8556086386010292,False,0.11000527185624415,1.0,False,-27.514824856127433,-0.1840256662394822,34.84138573806991,best_timing_bound,0.025
850.0,645.4819548424252,False,,19.986619706716944,,,145.37118286554298,1.2771343049306836,1.0614187729107414,0.06660651263330786,0.0040957190727356485,0.03147836151341965,1.0173639195436506,False,0.1913604076136691,1.0,False,-35.06657654039765,0.05032157274182268,29.93303512968059,best_timing_bound,0.025
900.0,682.444649204679,False,,15.520271104997208,,,138.62104069193362,1.217574419920055,1.1049912114646645,0.0720843074884969,0.005088055424298021,0.0746666960003485,1.1282927444914859,False,0.1992195599943511,1.0,False,-39.26279198133369,-0.038680149436306044,30.00873880559372,best_timing_bound,0.025
950.0,721.2714260182299,False,,31.85678979366981,,,132.13855981299855,1.0970787670604523,0.9395921862006276,0.0619260998062463,0.003943257817426105,0.045052455934722034,0.8585439286532065,False,0.16939966577734655,1.0,False,-44.66460385036774,-0.10394363887607325,30.763295492930318,best_timing_bound,0.025
1000.0,756.6243660265701,False,,18.29772437605724,,,126.61287671492555,1.6817865646523984,1.4660933120874517,0.18504373754964776,0.01839189553876197,0.1204091354767399,0.9290424831007745,False,0.24326635009000788,1.0,False,-48.242301799925926,0.016899631008598787,30.178687649615192,best_timing_bound,0.025
1100.0,834.7865599618726,False,,11.444130975152348,,,116.57238956259881,2.0605413932872807,1.596818385481285,0.35460263599216363,0.03267560050448859,0.22829483771366427,1.0104517030808362,False,0.2029871082146396,1.0,False,-58.676716675024906,0.3860206121857176,32.79603070854349,best_timing_bound,0.025
1200.0,906.8051472486442,False,,17.69295735429234,,,108.41306402048477,1.407769612789906,1.0229501742371667,0.1370190184349683,0.01902028453135096,0.13132639493789,0.9386335970281243,False,0.13003548810011384,1.0,False,-64.46746370228752,-0.15682288711507142,35.03647991124922,best_timing_bound,0.025
50.0,37.99008122008859,False,,19.601713951144575,250.0,0.0886963134018564,95.8127346706176,6.087156114363964,4.697053743275802,0.3343024490996055,0.0038775567360213037,0.04301657977798954,0.7811549706018142,False,1.3654225997894782,1.0,False,7.336695561706733,-0.10371289607500779,25.278356180721623,best_timing_bound,0.0125
100.0,76.17083384633712,False,,47.268434489879205,250.0,0.11733053024210234,178.7846966393949,5.769348158842604,4.824448816102489,0.27395389469313025,0.0025944770547339235,0.2217532647408777,1.2809795361221945,False,0.9373868335248761,1.0,False,7.641729312662221,-0.3091868581805509,25.09849105563372,best_timing_bound,0.0125
150.0,114.17150902555795,False,,32.61476949271401,250.0,0.5685520361140011,243.68290929987322,7.172860267923113,5.666097375664492,0.23950421269613215,0.0015853270975138,0.12154426303831865,0.8113231071310902,False,1.3933254747613486,1.0,False,3.4204693691801538,-0.7953827526539533,25.6496038612051,best_timing_bound,0.0125
200.0,152.16154020295048,False,,20.58086010582355,250.0,0.4215281134316229,291.8150845702673,6.196258764573884,5.757053983241121,0.48507181216283374,0.006733285161056646,0.19640205352343934,1.1272403240333568,False,1.4940193032753124,1.0,False,-6.276931934683205,0.6459427433846578,25.69359218381159,best_timing_bound,0.0125
250.0,189.60094286792295,False,,46.73137884162192,43.47826086956522,0.0550243733349109,321.46374645943627,3.8174566751196153,3.467404501052272,0.16024263114344106,0.002100324547617216,0.021731174120325394,0.6761696206191778,False,1.477566157179134,1.0,False,1.989023023792754,1.084750112424012,25.887095895634847,best_timing_bound,0.0125
300.0,228.15229898524512,False,,26.304361450453808,,,317.9943056957373,3.411729601921081,2.7863589780632196,0.33514111957456527,0.014782854202701756,0.1051158013938473,0.7815164058321569,False,0.03057900546601427,1.0,False,85.28143473534124,-0.33857537757737644,88.10874055885029,best_timing_bound,0.0125
350.0,266.70376233691485,False,,30.25101043085638,,,293.69119659644787,3.0034645252534915,2.251525050538646,0.16879431318058816,0.00547114771937085,0.05382221283400415,0.8009938436180569,False,0.022443431524508037,1.0,False,103.75271508159634,-0.07471272670731949,98.4876817203552,best_timing_bound,0.0125
400.0,303.2005083702369,False,,195.82159296986612,,,269.13130518266485,2.2525768001020197,2.0125792293894165,0.1195820801278108,0.004754867654412909,0.09088668559096977,0.7790453685647687,False,0.02544132455771024,1.0,False,81.1462269648431,-0.18701724535592912,87.93126255920129,best_timing_bound,0.0125
450.0,341.5718172250129,False,,10.000003498264658,,,246.0301479372507,2.029637310988619,1.807075869508111,0.15380959666824137,0.005329538640731379,0.15502144842035534,0.9179099914013846,False,0.030767484025384432,1.0,False,60.01087236299324,-0.028065219378023077,76.26016099398737,best_timing_bound,0.0125
500.0,380.88580812995247,False,,10.541265754374269,,,225.8519606123568,1.638627761150417,1.3623760613832303,0.17576962825694464,0.020439678578104026,0.2370364323783108,0.6452080536609014,False,0.030702539390338155,1.0,False,39.594534869782535,-0.3143661903213278,68.81282730821378,best_timing_bound,0.0125
550.0,419.0559644140832,False,,19.044151907948272,,,209.03956190261454,1.6260898494654725,1.370623525080589,0.06871187867833879,0.0022804030435708,0.038789421003771966,0.7894178474665722,False,0.03970520061067757,1.0,False,23.92404968806011,-0.16460206898003335,60.13569484428253,best_timing_bound,0.0125
600.0,457.8085803363978,False,,10.000003498264658,,,194.3349433180269,1.220941990347768,1.0088980771317893,0.15236732177146614,0.0349073187626644,0.1454171913688796,0.5148129365540975,False,0.039226208286617,1.0,False,8.205967707135812,-0.551437290752698,54.3604473693876,best_timing_bound,0.0125
650.0,494.4853744265939,False,,16.478744526670273,,,182.1303620155144,0.9817783823326636,0.7525831998993624,0.06707997497069014,0.009216610374763734,0.040781340967555105,0.6019322426976648,False,0.039443563936025314,1.0,False,-1.9658769250796695,-0.40010482105560496,48.70697274995265,best_timing_bound,0.0125
700.0,532.8566832813709,False,,10.000004335512793,,,171.09411601040512,0.9675155675690803,0.8581431725392008,0.07138599573748623,0.00433679494545447,0.09070048167474949,0.5934615621878211,False,0.061588928225644886,1.0,False,-10.617963524248381,-0.23106129627122537,41.55181622952417,best_timing_bound,0.0125
750.0,570.0736739678696,False,,26.310245872083943,,,161.70743576620217,1.7932437787338529,1.505911731352569,0.16280806040191625,0.013344318864292104,0.02619382234723197,1.068625489577702,False,0.1083904394426541,1.0,False,-19.37612789716411,0.10981630367519353,38.3756118218487,best_timing_bound,0.0125
800.0,606.2950294894458,False,,30.54838432775134,,,153.36462242070021,1.3178568063821388,1.002102046201884,0.13281537628852255,0.02150411618920789,0.08842987192848846,0.9176810612859562,False,0.10829672075928386,1.0,False,-27.516963717913654,-0.11398883747800925,34.89684002591362,best_timing_bound,0.0125
850.0,645.4819548424252,False,,43.01488157273002,,,145.36973856393567,1.2166943306947076,1.039265992927568,0.05394429180995872,0.002581558818078422,0.03355325589951014,1.0209123764786938,False,0.18736654099330505,1.0,False,-35.068020842004955,0.053803397582573485,29.99472060106347,best_timing_bound,0.0125
900.0,682.444649204679,False,,16.43696140735617,,,138.62271943940334,1.1773114913653728,1.0621262994195035,0.08008080481039824,0.006457932269733457,0.06579943198973652,1.0694107033879203,False,0.19149141806142622,1.0,False,-39.261113233863966,-0.09227804183864176,30.128924629280135,best_timing_bound,0.0125
950.0,721.2714260182299,False,,31.913693118731278,,,132.13836177836504,1.0865585672089537,0.9248845532341647,0.06271611427591489,0.0041653172330253785,0.046569837778221955,0.8538242648197343,False,0.16674801738617664,1.0,False,-44.66480188500125,-0.10945609326863363,30.8075945519008,best_timing_bound,0.0125
1000.0,756.6243660265701,False,,18.57984121598202,,,126.61453001394402,1.6685247389770268,1.4746164246264328,0.16860133465721727,0.01522578323306023,0.10266998014770813,0.950166075205575,False,0.24468057554323785,1.0,False,-48.240648500907454,0.03938194863677512,30.159093704875747,best_timing_bound,0.0125
1100.0,834.7865599618726,False,,11.435986163134368,,,116.57215916683894,2.048836536341554,1.5724286923059196,0.3582725263562469,0.03383726804084786,0.22854570358336398,1.011335481393075,False,0.19988669721428806,1.0,False,-58.67694707078478,0.3868948667811732,32.86545548423848,best_timing_bound,0.0125
1200.0,906.8051472486442,False,,31.496499875185425,,,108.41212094400845,1.4003220486475385,1.0187589207695993,0.12504285751292518,0.018029478774694185,0.07389137091555179,0.9067910551160683,False,0.1295027038999324,1.0,False,-64.46840677876384,-0.19133603031096313,35.05839661412341,best_timing_bound,0.0125
50.0,37.99008122008859,False,,19.575842708899934,250.0,0.0886963134018564,95.81165367293721,6.088430127071817,4.6818061659853925,0.3317986220243346,0.003820276680414514,0.038370245903086284,0.7818737878350792,False,1.3609901645306381,1.0,False,7.3356145640263435,-0.10279312120834476,25.27295868857604,best_timing_bound,0.00625
100.0,76.17083384633712,False,,10.000003498264658,250.0,0.11733053024210234,178.78079195332054,5.767932425212308,4.82139538931105,0.2169708637534591,0.0016572776058522143,0.4515694329729924,1.2846734592946512,False,0.9367935549596909,1.0,False,7.6378246265878715,-0.30630733726993276,25.097769647081922,best_timing_bound,0.00625
150.0,114.17150902555795,False,,32.61009955700225,250.0,0.5685520361140011,243.68193675655547,7.17174260240202,5.663936720360226,0.23747353507327146,0.0015589314179269564,0.12093402890878714,0.8118248656632049,False,1.3927941573698506,1.0,False,3.41949682586241,-0.7947644990424437,25.648323329924917,best_timing_bound,0.00625
200.0,152.16154020295048,False,,20.558983307645583,250.0,0.4215281134316229,291.814576743,6.192711897970128,5.753088990334049,0.4831639295149531,0.006683758921992022,0.1953625621707298,1.1260582089978575,False,1.4929903436793523,1.0,False,-6.277439761950518,0.6448935125556146,25.691223238168618,best_timing_bound,0.00625
250.0,189.60094286792295,False,,47.015105787387206,43.47826086956522,0.0550243733349109,321.4510064041236,3.816234752130242,3.4615607445147702,0.1645239429952972,0.0022117504871040916,0.026004480099436844,0.6781349118659937,False,1.4750759553904516,1.0,False,1.9762829684800636,1.0876524029786003,25.8877636954242,best_timing_bound,0.00625
300.0,228.15229898524512,False,,26.20885540905343,,,318.0036022170376,3.4044864800007986,2.6829795886181387,0.3710761489425077,0.018188172183081885,0.11985730404174395,0.7851165972398169,False,0.02944446431758274,1.0,False,85.29073125664155,-0.3339792816976595,88.86686080040968,best_timing_bound,0.00625
350.0,266.70376233691485,False,,18.187608589772026,,,293.70659235268135,2.8737350996754003,2.2655034403946956,0.11648883457691082,0.0023459950154953724,0.13053973430333904,0.7772704280650189,False,0.022582769541414433,1.0,False,103.76811083782982,-0.10477765679299565,98.37341426093137,best_timing_bound,0.00625
400.0,303.2005083702369,False,,195.87114226418387,,,269.1234348357078,2.2484044259203415,1.9351186373483529,0.1357054843419193,0.0062212488904300756,0.11274419322542814,0.7835559475942757,False,0.02446213326239564,1.0,False,81.13835661788607,-0.18124406250902692,88.58617846325211,best_timing_bound,0.00625
450.0,341.5718172250129,False,,10.000003498264658,,,246.01303679200257,2.0818203552578325,1.7964984328712887,0.19787230363171493,0.009184347274682203,0.5260092559604632,0.938535810363253,False,0.03058739135841659,1.0,False,59.99376121774512,-0.0058435442904826405,76.34310389635829,best_timing_bound,0.00625
500.0,380.88580812995247,False,,10.32679028469179,,,225.89184017005334,1.5616641630035701,1.3570774827215644,0.20408658490809395,0.02824846700052297,0.05813347871116481,0.606625814090731,False,0.030583130495332005,1.0,False,39.63441442747907,-0.37602686919547984,68.88056460596064,best_timing_bound,0.00625
550.0,419.0559644140832,False,,13.224186349872914,,,209.03889043253537,1.620711538001558,1.3542173523408394,0.06920372825724158,0.0024582924421137076,0.1504355108475718,0.7823078564577625,False,0.0392299348882051,1.0,False,23.92337821798094,-0.17364949944529645,60.25899391299095,best_timing_bound,0.00625
600.0,457.8085803363978,False,,10.000003545544677,,,194.33322408581873,1.1778478320042893,0.9927916914958814,0.15830219406889004,0.039452801652645086,0.15760341742548206,0.5258705189269144,False,0.0385999880052831,1.0,False,8.204248474927653,-0.5301858747413656,54.46782600943666,best_timing_bound,0.00625
650.0,494.4853744265939,False,,17.295368440265708,,,182.0996433634887,0.972972387800155,0.7193089245007229,0.06899833934531968,0.010091040103114124,0.014555342684027962,0.6005378465958485,False,0.037699629166704586,1.0,False,-1.9965955771053814,-0.4024240416985872,48.94603778217563,best_timing_bound,0.00625
700.0,532.8566832813709,False,,10.000006179987617,,,171.09627457898202,0.957584569870221,0.8373635312707677,0.06879379120864165,0.004432330146246444,0.18245348147510868,0.5907378298106357,False,0.060097573547789294,1.0,False,-10.615804955671479,-0.23566142898318748,41.673274146128186,best_timing_bound,0.00625
750.0,570.0736739678696,False,,26.524634994911512,,,161.70675432100734,1.718054393248707,1.5243127417987523,0.16077596197871907,0.013070182046285406,0.015271792474608489,1.0766674621785524,False,0.10971488201583154,1.0,False,-19.37680934235894,0.11731365760476566,38.29562801469663,best_timing_bound,0.00625
800.0,606.2950294894458,False,,31.426462886704137,,,153.3567729684257,1.292779013964207,1.0371639779177428,0.13589612176972596,0.023855373061098972,0.06988259315719807,0.8734656956169711,False,0.11208584806693181,1.0,False,-27.524813170188168,-0.1633698834686481,34.75799527097079,best_timing_bound,0.00625
850.0,645.4819548424252,False,,42.792509743629005,,,145.37832656401343,1.1914661697614974,1.064762157967806,0.0758077987602662,0.005296573610130362,0.04225744630414523,0.9940861602487101,False,0.19196317773952132,1.0,False,-35.05943284192719,0.027175287606050407,29.922584923587586,best_timing_bound,0.00625
900.0,682.444649204679,False,,16.503672409337337,,,138.6206704078465,1.1533505553304337,1.059604448628761,0.082936268087273,0.007080316156008348,0.05815780694116086,1.078552195610092,False,0.19103675199739734,1.0,False,-39.26316226542082,-0.08376621193778104,30.135196490339464,best_timing_bound,0.00625
950.0,721.2714260182299,False,,31.90335188202745,,,132.13811187929463,1.2168228930059115,1.0068667976372296,0.06580492918313154,0.004112456684917665,0.042293690571923455,0.9428077542569929,False,0.18152864775488273,1.0,False,-44.665051784071665,-0.010319091243629263,30.562663959559465,best_timing_bound,0.00625
1000.0,756.6243660265701,False,,18.526585865659786,,,126.61466051085445,1.6544267426896084,1.4966696015436725,0.15538869563588567,0.013058017906757868,0.08991613519473668,0.9670518941933812,False,0.2483398213854466,1.0,False,-48.240518003997025,0.056997322471333205,30.10825505170907,best_timing_bound,0.00625
1100.0,834.7865599618726,False,,11.76928886834515,,,116.57271601326445,2.0584692287893773,1.5602907117238658,0.3508892239199034,0.03569087177208918,0.23295930223570385,1.0278435037228304,False,0.19834372050490234,1.0,False,-58.67639022435927,0.4030860722489062,32.906734218332794,best_timing_bound,0.00625
1200.0,906.8051472486442,False,,17.867962471316968,,,108.41052906523205,1.309371707017732,1.0176465296306674,0.12990002827207447,0.017716354360089004,0.10791380118242756,0.9563610477466195,False,0.1293612988458523,1.0,False,-64.46999865754023,-0.13811257790465314,35.053543729945886,best_timing_bound,0.00625
