I_uA,C_pF,C_th_pJ_per_K,tau_el_metal_ns,tau_th_ns,tau_el_over_tau_th,T_min_K,T_max_K,outside_resistance_temperature_range,max_temperature_step_K,frequency_MHz,raw_frequency_MHz,oscillatory,cycles,period_cv,persistence_ratio,V_pp_V,V_min_V,V_max_V
300.0,0.0,24.81388282775879,0.0,120.69757369794733,0.0,334.9228515625,334.9228515625,0.0,0.09381103515625,0.0,0.0,0.0,0.0,inf,0.0,0.0,6.8025336265563965,6.8025336265563965
300.0,18.16827392578125,24.81388282775879,23.37015092959897,120.69757369794733,0.19362568951124176,333.016845703125,333.016845703125,0.0,0.409820556640625,0.0,0.0,0.0,0.0,inf,0.0,0.0,5.491208076477051,5.491208076477051
300.0,36.3365478515625,24.81388282775879,46.74030185919794,120.69757369794733,0.3872513790224835,326.1109313964844,356.6053771972656,0.0,0.53955078125,0.509483351988201,0.509483351988201,1.0,11.0,0.0001268434166659332,1.0,6.535535573959351,0.5313512682914734,7.092483043670654
300.0,72.673095703125,24.81388282775879,93.48060371839588,120.69757369794733,0.774502758044967,325.6121520996094,371.26922607421875,1.0,0.613861083984375,0.2947331274962222,0.2947331274962222,1.0,5.0,5.894662383212001e-05,0.9999989138839969,6.314465165138245,0.6683557033538818,7.034286022186279
300.0,145.34619140625,24.81388282775879,186.96120743679177,120.69757369794733,1.549005516089934,325.41351318359375,389.6319885253906,1.0,0.65185546875,0.16538037953945955,0.16538037953945955,1.0,3.0,3.8980528180074286e-05,0.9998320595994221,5.915585875511169,0.9454483985900879,6.958071231842041
300.0,290.6923828125,24.81388282775879,373.92241487358353,120.69757369794733,3.098011032179868,325.37518310546875,420.2525939941406,1.0,0.669647216796875,0.0,0.09117017169913226,0.0,1.0,0.0,0.9352236515170474,5.848245620727539,1.2957327365875244,7.272834777832031
300.0,581.384765625,24.81388282775879,747.8448297471671,120.69757369794733,6.196022064359736,325.3915710449219,443.54425048828125,1.0,0.676544189453125,0.0,0.0,0.0,0.0,inf,1.7257400370243565,5.49193549156189,1.586181640625,7.207982540130615
300.0,0.0,35.09212875366211,0.0,170.69214511813425,0.0,334.9223327636719,334.9223327636719,0.0,0.066375732421875,0.0,0.0,0.0,0.0,inf,0.0,0.0,6.80322790145874,6.80322790145874
300.0,18.16827392578125,35.09212875366211,23.37015092959897,170.69214511813425,0.13691403850730643,333.1504211425781,333.1504211425781,0.0,0.22528076171875,0.0,0.0,0.0,0.0,inf,0.0,0.0,5.584129333496094,5.584129333496094
300.0,36.3365478515625,35.09212875366211,46.74030185919794,170.69214511813425,0.27382807701461287,326.5188293457031,350.18896484375,0.0,0.34130859375,0.4613846796984282,0.4613846796984282,1.0,9.0,9.59079636729793e-05,1.0000033788894218,6.540843963623047,0.5193697214126587,7.081585884094238
300.0,72.673095703125,35.09212875366211,93.48060371839588,170.69214511813425,0.5476561540292257,325.8153076171875,363.42822265625,0.0,0.411865234375,0.2756719581755843,0.2756719581755843,1.0,5.0,0.0,0.9999915624654898,6.451035678386688,0.5836394429206848,7.06859827041626
300.0,145.34619140625,35.09212875366211,186.96120743679177,170.69214511813425,1.0953123080584515,325.48492431640625,379.97503662109375,1.0,0.4501953125,0.156510855845461,0.156510855845461,1.0,3.0,3.6889961455892506e-05,0.9997042661398409,6.129770398139954,0.7908152937889099,6.9958815574646
300.0,290.6923828125,35.09212875366211,373.92241487358353,170.69214511813425,2.190624616116903,325.37982177734375,408.5757141113281,1.0,0.468902587890625,0.0,0.08704356776619508,0.0,1.0,0.0,0.9350027444018861,6.096221566200256,1.113782286643982,7.317708492279053
300.0,581.384765625,35.09212875366211,747.8448297471671,170.69214511813425,4.381249232233806,325.382568359375,431.9941101074219,1.0,0.476898193359375,0.0,0.0,0.0,0.0,inf,1.772103952303556,5.664894104003906,1.4575231075286865,7.236725330352783
300.0,0.0,49.62776565551758,0.0,241.39514739589467,0.0,334.9216003417969,334.9216003417969,0.0,0.046966552734375,0.0,0.0,0.0,0.0,inf,0.0,0.0,6.804211139678955,6.804211139678955
300.0,18.16827392578125,49.62776565551758,23.37015092959897,241.39514739589467,0.09681284475562088,333.1795654296875,333.1795654296875,0.0,0.1077880859375,0.0,0.0,0.0,0.0,inf,0.0,0.0,5.600186824798584,5.600186824798584
300.0,36.3365478515625,49.62776565551758,46.74030185919794,241.39514739589467,0.19362568951124176,332.9489440917969,333.01190185546875,0.0,0.20440673828125,0.0,0.0,0.0,0.0,inf,0.0,0.0071239471435546875,5.464818954467773,5.49289608001709
300.0,72.673095703125,49.62776565551758,93.48060371839588,241.39514739589467,0.3872513790224835,326.1122131347656,356.5052795410156,0.0,0.269866943359375,0.25488097779526236,0.25488097779526236,1.0,5.0,5.09761941173472e-05,0.9999904381136354,6.526209592819214,0.5326950550079346,7.0904059410095215
300.0,145.34619140625,49.62776565551758,186.96120743679177,241.39514739589467,0.774502758044967,325.6129455566406,371.198486328125,1.0,0.307159423828125,0.14742015158947405,0.14742015158947405,1.0,3.0,3.474726197476892e-05,0.9996467318638196,6.3123138546943665,0.6693261861801147,7.034758567810059
300.0,290.6923828125,49.62776565551758,373.92241487358353,241.39514739589467,1.549005516089934,325.4092712402344,397.40380859375,1.0,0.32635498046875,0.0,0.08270614740566803,0.0,1.0,0.0,0.9330019110226386,6.354154050350189,0.9320003390312195,7.374060153961182
300.0,581.384765625,49.62776565551758,747.8448297471671,241.39514739589467,3.098011032179868,325.3758239746094,420.1944274902344,1.0,0.335205078125,0.0,0.0,0.0,0.0,inf,1.8297296813939203,5.878241300582886,1.2964000701904297,7.272562503814697
300.0,0.0,70.18425750732422,0.0,341.3842902362685,0.0,334.9205627441406,334.9205627441406,0.0,0.033203125,0.0,0.0,0.0,0.0,inf,0.0,0.0,6.805604457855225,6.805604457855225
300.0,18.16827392578125,70.18425750732422,23.37015092959897,341.3842902362685,0.06845701925365322,332.7252197265625,332.7252197265625,0.0,0.043304443359375,0.0,0.0,0.0,0.0,inf,0.0,0.0,5.301092147827148,5.301092147827148
300.0,36.3365478515625,70.18425750732422,46.74030185919794,341.3842902362685,0.13691403850730643,333.1585998535156,333.17669677734375,0.0,0.1121826171875,0.0,0.0,0.0,0.0,inf,0.0,0.0016913414001464844,5.58356237411499,5.591554164886475
300.0,72.673095703125,70.18425750732422,93.48060371839588,341.3842902362685,0.27382807701461287,326.5201721191406,350.16851806640625,0.0,0.17059326171875,0.23080030656786849,0.23080030656786849,1.0,4.0,0.0001290212900294149,0.9998941906497182,6.538486003875732,0.5201722979545593,7.0817718505859375
300.0,145.34619140625,70.18425750732422,186.96120743679177,341.3842902362685,0.5476561540292257,325.8068542480469,363.3981628417969,0.0,0.2060546875,0.0,0.13788824547994516,0.0,2.0,3.447206039504981e-05,0.9996088896181089,6.451137363910675,0.58424973487854,7.0709404945373535
300.0,290.6923828125,70.18425750732422,373.92241487358353,341.3842902362685,1.0953123080584515,325.478759765625,387.06005859375,1.0,0.225250244140625,0.0,0.0,0.0,0.0,inf,0.929647831278957,6.603530406951904,0.7711912393569946,7.445117950439453
300.0,581.384765625,70.18425750732422,747.8448297471671,341.3842902362685,2.190624616116903,325.3805236816406,408.5249938964844,1.0,0.234619140625,0.0,0.0,0.0,0.0,inf,1.8953053296788351,6.122228980064392,1.1143138408660889,7.317385196685791
300.0,0.0,99.25553131103516,0.0,482.79029479178934,0.0,334.9190979003906,334.9190979003906,0.0,0.02349853515625,0.0,0.0,0.0,0.0,inf,0.0,0.0,6.807565212249756,6.807565212249756
300.0,18.16827392578125,99.25553131103516,23.37015092959897,482.79029479178934,0.04840642237781044,331.8006896972656,331.8006896972656,0.0,0.01666259765625,0.0,0.0,0.0,0.0,inf,0.0,0.0,4.656769275665283,4.656769275665283
300.0,36.3365478515625,99.25553131103516,46.74030185919794,482.79029479178934,0.09681284475562088,333.11212158203125,333.1787414550781,0.0,0.0535888671875,0.0,0.0,0.0,0.0,inf,0.0,0.008362770080566406,5.6020588874816895,5.611100196838379
300.0,72.673095703125,99.25553131103516,93.48060371839588,482.79029479178934,0.19362568951124176,328.8532409667969,339.31878662109375,0.0,0.102081298828125,0.0,0.0,0.0,0.0,inf,0.0,3.7792959213256836,2.826369047164917,7.00574254989624
300.0,145.34619140625,99.25553131103516,186.96120743679177,482.79029479178934,0.3872513790224835,326.1031188964844,356.49542236328125,0.0,0.134918212890625,0.0,0.1274900434463021,0.0,2.0,3.187250996015936e-05,0.9996039237830626,6.512704968452454,0.5330725908279419,7.093287944793701
300.0,290.6923828125,99.25553131103516,373.92241487358353,482.79029479178934,0.774502758044967,325.6053161621094,377.78546142578125,1.0,0.15362548828125,0.0,0.0,0.0,0.0,inf,0.9235911845942296,6.834689497947693,0.6443093419075012,7.535068035125732
300.0,581.384765625,99.25553131103516,747.8448297471671,482.79029479178934,1.549005516089934,325.4101257324219,397.3591003417969,1.0,0.163238525390625,0.0,0.0,0.0,0.0,inf,1.9626012995281286,6.378110766410828,0.932431697845459,7.373645305633545
300.0,0.0,140.36851501464844,0.0,682.768580472537,0.0,334.91705322265625,334.91705322265625,0.0,0.0166015625,0.0,0.0,0.0,0.0,inf,0.0,0.0,6.810306549072266,6.810306549072266
300.0,18.16827392578125,140.36851501464844,23.37015092959897,682.768580472537,0.03422850962682661,331.75439453125,331.75439453125,0.0,0.008026123046875,0.0,0.0,0.0,0.0,inf,0.0,0.0,4.626698970794678,4.626698970794678
300.0,36.3365478515625,140.36851501464844,46.74030185919794,682.768580472537,0.06845701925365322,332.70086669921875,332.7494812011719,0.0,0.021514892578125,0.0,0.0,0.0,0.0,inf,0.0,0.019477367401123047,5.262546062469482,5.297398090362549
300.0,72.673095703125,140.36851501464844,93.48060371839588,682.768580472537,0.13691403850730643,330.88189697265625,335.62408447265625,0.0,0.05596923828125,0.0,0.0,0.0,0.0,inf,0.0,1.425093650817871,5.347365379333496,6.809276103973389
300.0,145.34619140625,140.36851501464844,186.96120743679177,682.768580472537,0.27382807701461287,326.5083312988281,350.1557922363281,0.0,0.08526611328125,0.0,0.11546011179793698,0.0,2.0,0.00017319016279875303,0.9902332554848282,6.553644001483917,0.46044448018074036,7.085109233856201
300.0,290.6923828125,140.36851501464844,373.92241487358353,682.768580472537,0.5476561540292257,325.8075256347656,369.7155456542969,0.0,0.10302734375,0.0,0.0,0.0,0.0,inf,0.914155595818362,7.048262000083923,0.5541473627090454,7.649293422698975
300.0,581.384765625,140.36851501464844,747.8448297471671,682.768580472537,1.0953123080584515,325.4797668457031,387.02166748046875,1.0,0.112640380859375,0.0,0.0,0.0,0.0,inf,2.025675438501261,6.627104461193085,0.7715319991111755,7.444547653198242
300.0,0.0,198.5110626220703,0.0,965.5805895835787,0.0,334.91412353515625,334.91412353515625,0.0,0.011749267578125,0.0,0.0,0.0,0.0,inf,0.0,0.0,6.814233303070068,6.814233303070068
300.0,18.16827392578125,198.5110626220703,23.37015092959897,965.5805895835787,0.02420321118890522,332.296630859375,332.296630859375,0.0,0.005035400390625,0.0,0.0,0.0,0.0,inf,0.0,0.0,5.010618686676025,5.010618686676025
300.0,36.3365478515625,198.5110626220703,46.74030185919794,965.5805895835787,0.04840642237781044,331.82073974609375,331.8536376953125,0.0,0.00830078125,0.0,0.0,0.0,0.0,inf,0.0,0.004310131072998047,4.653748512268066,4.673912525177002
300.0,72.673095703125,198.5110626220703,93.48060371839588,965.5805895835787,0.09681284475562088,328.96929931640625,334.33880615234375,0.0,0.026702880859375,0.0,0.0,0.0,0.0,inf,0.0,0.9075326919555664,5.46803092956543,6.4197773933410645
300.0,145.34619140625,198.5110626220703,186.96120743679177,965.5805895835787,0.19362568951124176,327.0282287597656,351.275390625,0.0,0.050994873046875,0.0,0.09961151790835066,0.0,1.0,0.0,0.43498488735524843,6.506091743707657,0.4420436918735504,7.0093674659729
300.0,290.6923828125,198.5110626220703,373.92241487358353,965.5805895835787,0.3872513790224835,326.1038513183594,362.883544921875,0.0,0.06744384765625,0.0,0.0,0.0,0.0,inf,0.7683404951072381,7.252703011035919,0.4956657886505127,7.794538497924805
300.0,581.384765625,198.5110626220703,747.8448297471671,965.5805895835787,0.774502758044967,325.9341735839844,377.7503356933594,1.0,0.076812744140625,0.0,0.0,0.0,0.0,inf,2.0812314108626353,6.858839690685272,0.6445753574371338,7.534266471862793
400.0,0.0,24.81388282775879,0.0,120.69757369794733,0.0,336.6407775878906,336.6407775878906,0.0,0.16680908203125,0.0,0.0,0.0,0.0,inf,0.0,0.0,5.984813690185547,5.984813690185547
400.0,18.16827392578125,24.81388282775879,23.37015092959897,120.69757369794733,0.19362568951124176,327.9306335449219,349.8639831542969,0.0,0.705841064453125,1.195657406238859,1.195657406238859,1.0,25.0,0.0002684244143747148,1.0,6.664409697055817,0.5979682803153992,7.273327827453613
400.0,36.3365478515625,24.81388282775879,46.74030185919794,120.69757369794733,0.3872513790224835,326.62396240234375,362.7753601074219,0.0,0.731597900390625,0.7401924709710823,0.7401924709710823,1.0,15.0,0.0,0.999976159820204,6.8727458119392395,0.6200436949729919,7.508028507232666
400.0,72.673095703125,24.81388282775879,93.48060371839588,120.69757369794733,0.774502758044967,325.89202880859375,377.8402404785156,1.0,0.733917236328125,0.43658591062297847,0.43658591062297847,1.0,8.0,0.0,1.0000042457468952,6.585067510604858,0.7572212219238281,7.3694634437561035
400.0,145.34619140625,24.81388282775879,186.96120743679177,120.69757369794733,1.549005516089934,325.574462890625,396.0318298339844,1.0,0.726898193359375,0.25040691831274126,0.25040691831274126,1.0,5.0,7.91856181336767e-05,1.000016076983709,6.122294664382935,1.0263794660568237,7.19570779800415
400.0,290.6923828125,24.81388282775879,373.92241487358353,120.69757369794733,3.098011032179868,325.4757385253906,416.27227783203125,1.0,0.716461181640625,0.0,0.14064203484855417,0.0,2.0,3.5160507717731446e-05,0.999776024704783,5.636531114578247,1.3594428300857544,7.051102638244629
400.0,581.384765625,24.81388282775879,747.8448297471671,120.69757369794733,6.196022064359736,325.4532775878906,448.48388671875,1.0,0.7060546875,0.0,0.0,0.0,0.0,inf,0.9341712404264134,5.565854072570801,1.6260066032409668,7.322063446044922
400.0,0.0,35.09212875366211,0.0,170.69214511813425,0.0,336.6404113769531,336.6404113769531,0.0,0.118011474609375,0.0,0.0,0.0,0.0,inf,0.0,0.0,5.98544454574585,5.98544454574585
400.0,18.16827392578125,35.09212875366211,23.37015092959897,170.69214511813425,0.13691403850730643,333.9876708984375,333.9876708984375,0.0,0.475921630859375,0.0,0.0,0.0,0.0,inf,0.0,0.0,4.616662502288818,4.616662502288818
400.0,36.3365478515625,35.09212875366211,46.74030185919794,170.69214511813425,0.27382807701461287,327.2030944824219,356.0934753417969,0.0,0.51092529296875,0.671088989890567,0.671088989890567,1.0,13.0,0.00014137329517723617,0.9999949671930284,6.8692551255226135,0.5934565663337708,7.474368095397949
400.0,72.673095703125,35.09212875366211,93.48060371839588,170.69214511813425,0.5476561540292257,326.1943359375,369.85162353515625,0.0,0.519378662109375,0.4040200104164162,0.4040200104164162,1.0,8.0,8.747289569056499e-05,1.0000035081395608,6.757746458053589,0.6735633611679077,7.452752113342285
400.0,145.34619140625,35.09212875366211,186.96120743679177,170.69214511813425,1.0953123080584515,325.6946716308594,386.5404357910156,1.0,0.51715087890625,0.23446659514230533,0.23446659514230533,1.0,4.0,0.0,0.9996920685713877,6.365149557590485,0.8766748309135437,7.281729698181152
400.0,290.6923828125,35.09212875366211,373.92241487358353,170.69214511813425,2.190624616116903,325.5065612792969,405.9593200683594,1.0,0.51068115234375,0.0,0.13312477495682526,0.0,2.0,3.3281192797949875e-05,0.9989524231109549,5.8629854917526245,1.1886500120162964,7.117733478546143
400.0,581.384765625,35.09212875366211,747.8448297471671,170.69214511813425,4.381249232233806,325.46185302734375,437.4758605957031,1.0,0.503173828125,0.0,0.0,0.0,0.0,inf,0.9343643902595486,5.75861930847168,1.5087581872940063,7.377269744873047
400.0,0.0,49.62776565551758,0.0,241.39514739589467,0.0,336.6399230957031,336.6399230957031,0.0,0.08349609375,0.0,0.0,0.0,0.0,inf,0.0,0.0,5.98628044128418,5.98628044128418
400.0,18.16827392578125,49.62776565551758,23.37015092959897,241.39514739589467,0.09681284475562088,334.25457763671875,334.25457763671875,0.0,0.309600830078125,0.0,0.0,0.0,0.0,inf,0.0,0.0,4.756244659423828,4.756244659423828
400.0,36.3365478515625,49.62776565551758,46.74030185919794,241.39514739589467,0.19362568951124176,327.93499755859375,349.7471008300781,0.0,0.352081298828125,0.5986679807120749,0.5986679807120749,1.0,12.0,0.0001296154162664729,0.9999959159235398,6.658253490924835,0.6002243161201477,7.269865036010742
400.0,72.673095703125,49.62776565551758,93.48060371839588,241.39514739589467,0.3872513790224835,326.62579345703125,362.6318359375,0.0,0.3656005859375,0.37047819195922227,0.37047819195922227,1.0,7.0,9.166957620306846e-05,1.0000918208014709,6.869498074054718,0.6211141347885132,7.505237102508545
400.0,145.34619140625,49.62776565551758,186.96120743679177,241.39514739589467,0.774502758044967,325.89300537109375,377.763427734375,1.0,0.36712646484375,0.218412149892308,0.218412149892308,1.0,4.0,7.722035395725101e-05,0.999654888313893,6.5842045545578,0.758027970790863,7.371484279632568
400.0,290.6923828125,49.62776565551758,373.92241487358353,241.39514739589467,1.549005516089934,325.57049560546875,401.07330322265625,1.0,0.363739013671875,0.0,0.12525050454433018,0.0,2.0,0.0,0.9982963452448577,6.116295099258423,1.0155402421951294,7.195176601409912
400.0,581.384765625,49.62776565551758,747.8448297471671,241.39514739589467,3.098011032179868,325.476318359375,426.16845703125,1.0,0.358612060546875,0.0,0.0,0.0,0.0,inf,0.7972308843360154,5.922358393669128,1.360052466392517,7.445559501647949
400.0,0.0,70.18425750732422,0.0,341.3842902362685,0.0,336.63922119140625,336.63922119140625,0.0,0.059051513671875,0.0,0.0,0.0,0.0,inf,0.0,0.0,5.987486362457275,5.987486362457275
400.0,18.16827392578125,70.18425750732422,23.37015092959897,341.3842902362685,0.06845701925365322,334.0061950683594,334.0061950683594,0.0,0.1905517578125,0.0,0.0,0.0,0.0,inf,0.0,0.0,4.6307172775268555,4.6307172775268555
400.0,36.3365478515625,70.18425750732422,46.74030185919794,341.3842902362685,0.13691403850730643,333.9182434082031,334.2450256347656,0.0,0.2371826171875,0.0,0.0,0.0,0.0,inf,0.0,0.02533721923828125,4.571451663970947,4.604605674743652
400.0,72.673095703125,70.18425750732422,93.48060371839588,341.3842902362685,0.27382807701461287,327.20513916015625,356.01043701171875,0.0,0.2552490234375,0.3358240377069708,0.3358240377069708,1.0,6.0,0.00012824491912114404,1.0000355290204435,6.867842435836792,0.5942227244377136,7.474438667297363
400.0,145.34619140625,70.18425750732422,186.96120743679177,341.3842902362685,0.5476561540292257,326.19537353515625,369.77703857421875,0.0,0.25970458984375,0.20212228969821772,0.20212228969821772,1.0,3.0,0.0,0.9996177772242089,6.759853422641754,0.6741958260536194,7.45331335067749
400.0,290.6923828125,70.18425750732422,373.92241487358353,341.3842902362685,1.0953123080584515,325.6888122558594,393.9942321777344,1.0,0.258697509765625,0.0,0.11726079130885697,0.0,2.0,5.8630393996247655e-05,0.9971956420491515,6.370002210140228,0.8609191179275513,7.281607151031494
400.0,581.384765625,70.18425750732422,747.8448297471671,341.3842902362685,2.190624616116903,325.507080078125,414.9163513183594,1.0,0.255523681640625,0.0,0.0,0.0,0.0,inf,0.7438924171219401,6.20973527431488,1.1891411542892456,7.530125617980957
400.0,0.0,99.25553131103516,0.0,482.79029479178934,0.0,336.6382141113281,336.6382141113281,0.0,0.041778564453125,0.0,0.0,0.0,0.0,inf,0.0,0.0,5.9892191886901855,5.9892191886901855
400.0,18.16827392578125,99.25553131103516,23.37015092959897,482.79029479178934,0.04840642237781044,333.2481689453125,333.2481689453125,0.0,0.10870361328125,0.0,0.0,0.0,0.0,inf,0.0,0.0,4.236928462982178,4.236928462982178
400.0,36.3365478515625,99.25553131103516,46.74030185919794,482.79029479178934,0.09681284475562088,334.2666015625,334.2666015625,0.0,0.15411376953125,0.0,0.0,0.0,0.0,inf,0.0,0.0,4.7549614906311035,4.7549614906311035
400.0,72.673095703125,99.25553131103516,93.48060371839588,482.79029479178934,0.19362568951124176,327.9371337890625,349.6740417480469,0.0,0.17578125,0.29955367351104817,0.29955367351104817,1.0,5.0,7.337536299263631e-05,1.000119118940638,6.654248535633087,0.6015939712524414,7.265437602996826
400.0,145.34619140625,99.25553131103516,186.96120743679177,482.79029479178934,0.3872513790224835,326.62677001953125,362.5875549316406,0.0,0.1827392578125,0.18532246632356045,0.18532246632356045,1.0,3.0,0.0,0.9995761237201086,6.867431104183197,0.6215293407440186,7.507172107696533
400.0,290.6923828125,99.25553131103516,373.92241487358353,482.79029479178934,0.774502758044967,325.8858337402344,384.8212890625,1.0,0.18359375,0.0,0.10922396682670878,0.0,1.0,0.0,0.9190623394865649,6.600082635879517,0.7384234666824341,7.9282121658325195
400.0,581.384765625,99.25553131103516,747.8448297471671,482.79029479178934,1.549005516089934,325.57110595703125,404.0727844238281,1.0,0.18194580078125,0.0,0.0,0.0,0.0,inf,0.7780956181723525,6.519142150878906,1.0159324407577515,7.635036945343018
400.0,0.0,140.36851501464844,0.0,682.768580472537,0.0,336.6368103027344,336.6368103027344,0.0,0.029541015625,0.0,0.0,0.0,0.0,inf,0.0,0.0,5.99163293838501,5.99163293838501
400.0,18.16827392578125,140.36851501464844,23.37015092959897,682.768580472537,0.03422850962682661,332.5776672363281,332.5776672363281,0.0,0.056915283203125,0.0,0.0,0.0,0.0,inf,0.0,0.0,3.8980026245117188,3.8980026245117188
400.0,36.3365478515625,140.36851501464844,46.74030185919794,682.768580472537,0.06845701925365322,333.9886779785156,333.9886779785156,0.0,0.09478759765625,0.0,0.0,0.0,0.0,inf,0.0,0.0,4.630752086639404,4.630752086639404
400.0,72.673095703125,140.36851501464844,93.48060371839588,682.768580472537,0.13691403850730643,329.19818115234375,338.9936828613281,0.0,0.11834716796875,0.0,0.23443911107301188,0.0,1.0,0.0,5.3900022047982366e-05,3.6025896072387695,1.580065131187439,6.3926682472229
400.0,145.34619140625,140.36851501464844,186.96120743679177,682.768580472537,0.27382807701461287,327.206298828125,355.9839172363281,0.0,0.127532958984375,0.0,0.16797548033123624,0.0,2.0,4.199386889514131e-05,0.9995639209922045,6.869326293468475,0.5945242047309875,7.47679328918457
400.0,290.6923828125,140.36851501464844,373.92241487358353,682.768580472537,0.5476561540292257,326.18792724609375,376.74517822265625,1.0,0.129852294921875,0.0,0.10108157568805541,0.0,1.0,0.0,0.9060540373376872,7.390751123428345,0.6516249775886536,8.130229949951172
400.0,581.384765625,140.36851501464844,747.8448297471671,682.768580472537,1.0953123080584515,325.6895751953125,393.94964599609375,1.0,0.129364013671875,0.0,0.0,0.0,0.0,inf,0.7963797899406498,6.832887053489685,0.8612141609191895,7.765408992767334
400.0,0.0,198.5110626220703,0.0,965.5805895835787,0.0,336.63482666015625,336.63482666015625,0.0,0.0208740234375,0.0,0.0,0.0,0.0,inf,0.0,0.0,5.995043754577637,5.995043754577637
400.0,18.16827392578125,198.5110626220703,23.37015092959897,965.5805895835787,0.02420321118890522,332.07781982421875,332.07781982421875,0.0,0.028167724609375,0.0,0.0,0.0,0.0,inf,0.0,0.0,3.648658275604248,3.648658275604248
400.0,36.3365478515625,198.5110626220703,46.74030185919794,965.5805895835787,0.04840642237781044,333.2608642578125,333.2608642578125,0.0,0.054046630859375,0.0,0.0,0.0,0.0,inf,0.0,3.24249267578125e-05,4.236876487731934,4.2374138832092285
400.0,72.673095703125,198.5110626220703,93.48060371839588,965.5805895835787,0.09681284475562088,333.9651184082031,336.4736633300781,0.0,0.076873779296875,0.0,0.0,0.0,0.0,inf,0.0,0.4964432716369629,4.460623741149902,5.5215959548950195
400.0,145.34619140625,198.5110626220703,186.96120743679177,965.5805895835787,0.19362568951124176,327.9305419921875,349.656494140625,0.0,0.08782958984375,0.1498314438679384,0.1498314438679384,1.0,3.0,3.531560899920327e-05,0.9992124015278323,6.650608777999878,0.6020240783691406,7.266617298126221
400.0,290.6923828125,198.5110626220703,373.92241487358353,965.5805895835787,0.3872513790224835,326.61993408203125,369.80755615234375,0.0,0.09136962890625,0.0,0.09267411410795906,0.0,1.0,0.0,0.8842937676031134,7.713983774185181,0.5958793759346008,8.38076114654541
400.0,581.384765625,198.5110626220703,747.8448297471671,965.5805895835787,0.774502758044967,325.8867492675781,384.7840881347656,1.0,0.091796875,0.0,0.0,0.0,0.0,inf,0.7575526657211897,7.141199111938477,0.7386462092399597,7.927680492401123
500.0,0.0,24.81388282775879,0.0,120.69757369794733,0.0,337.7707824707031,337.7707824707031,0.0,0.2606201171875,0.0,0.0,0.0,0.0,inf,0.0,0.0,5.252518177032471,5.252518177032471
500.0,18.16827392578125,24.81388282775879,23.37015092959897,120.69757369794733,0.19362568951124176,328.9443054199219,350.3221740722656,0.0,0.93841552734375,1.486988889638561,1.486988889638561,1.0,32.0,0.0,1.0,6.3267412185668945,0.7200593948364258,7.05728816986084
500.0,36.3365478515625,24.81388282775879,46.74030185919794,120.69757369794733,0.3872513790224835,327.2039794921875,365.87841796875,0.0,0.8812255859375,0.9132420349606687,0.9132420349606687,1.0,20.0,0.0,1.0,6.97836035490036,0.7308691740036011,7.725472927093506
500.0,72.673095703125,24.81388282775879,93.48060371839588,120.69757369794733,0.774502758044967,326.2075500488281,382.17742919921875,1.0,0.82696533203125,0.5480953840953314,0.5480953840953314,1.0,12.0,0.0,0.9999992405657961,6.720557987689972,0.8570127487182617,7.606773853302002
500.0,145.34619140625,24.81388282775879,186.96120743679177,120.69757369794733,1.549005516089934,325.7535705566406,400.50933837890625,1.0,0.784820556640625,0.3201366006665027,0.3201366006665027,1.0,6.0,7.545691827836385e-05,1.0000019047672017,6.210431337356567,1.1110332012176514,7.369522571563721
500.0,290.6923828125,24.81388282775879,373.92241487358353,120.69757369794733,3.098011032179868,325.58465576171875,420.3984680175781,1.0,0.75262451171875,0.18207198427176044,0.18207198427176044,1.0,3.0,4.291477703383793e-05,0.9999604374485461,5.678455710411072,1.424521803855896,7.170665740966797
500.0,581.384765625,24.81388282775879,747.8448297471671,120.69757369794733,6.196022064359736,325.5173034667969,452.48980712890625,1.0,0.728851318359375,0.0,0.09996001882066495,0.0,1.0,0.0,0.9329870390116507,5.544593572616577,1.6648310422897339,7.413821697235107
500.0,0.0,35.09212875366211,0.0,170.69214511813425,0.0,337.7705078125,337.7705078125,0.0,0.18438720703125,0.0,0.0,0.0,0.0,inf,0.0,0.0,5.253001689910889,5.253001689910889
500.0,18.16827392578125,35.09212875366211,23.37015092959897,170.69214511813425,0.13691403850730643,335.0777282714844,335.0777282714844,0.0,0.678009033203125,0.0,0.0,0.0,0.0,inf,0.0,0.0,4.144240856170654,4.144240856170654
500.0,36.3365478515625,35.09212875366211,46.74030185919794,170.69214511813425,0.27382807701461287,327.9836120605469,357.94598388671875,0.0,0.643463134765625,0.8274922352410848,0.8274922352410848,1.0,17.0,0.00041302966190803016,1.0,6.831980764865875,0.7092924118041992,7.553013324737549
500.0,72.673095703125,35.09212875366211,93.48060371839588,170.69214511813425,0.5476561540292257,326.6221923828125,373.75048828125,1.0,0.6029052734375,0.5023611113643787,0.5023611113643787,1.0,10.0,0.00010047221943132723,1.0,6.902561187744141,0.7790763974189758,7.704239845275879
500.0,145.34619140625,35.09212875366211,186.96120743679177,170.69214511813425,1.0953123080584515,325.9302673339844,391.020751953125,1.0,0.5689697265625,0.2971989087694278,0.2971989087694278,1.0,6.0,7.429972509101716e-05,1.0000040693133736,6.478901565074921,0.9696420431137085,7.487739562988281
500.0,290.6923828125,35.09212875366211,373.92241487358353,170.69214511813425,2.190624616116903,325.6477355957031,410.28924560546875,1.0,0.542999267578125,0.17141878091799306,0.17141878091799306,1.0,3.0,4.040379299391735e-05,0.9999058794263527,5.927333474159241,1.269636631011963,7.261728763580322
500.0,581.384765625,35.09212875366211,747.8448297471671,170.69214511813425,4.381249232233806,325.5453796386719,441.91461181640625,1.0,0.5234375,0.0,0.09586808822566698,0.0,1.0,0.0,0.9326234872754621,5.751589894294739,1.5587855577468872,7.490616321563721
500.0,0.0,49.62776565551758,0.0,241.39514739589467,0.0,337.77008056640625,337.77008056640625,0.0,0.13043212890625,0.0,0.0,0.0,0.0,inf,0.0,0.0,5.253752708435059,5.253752708435059
500.0,18.16827392578125,49.62776565551758,23.37015092959897,241.39514739589467,0.09681284475562088,335.19775390625,335.19775390625,0.0,0.480682373046875,0.0,0.0,0.0,0.0,inf,0.0,0.0,4.189959526062012,4.189959526062012
500.0,36.3365478515625,49.62776565551758,46.74030185919794,241.39514739589467,0.19362568951124176,328.9510498046875,350.1856689453125,0.0,0.46826171875,0.7448789782360762,0.7448789782360762,1.0,15.0,0.0,1.0000000659314736,6.3169220089912415,0.7224330902099609,7.050708770751953
500.0,72.673095703125,49.62776565551758,93.48060371839588,241.39514739589467,0.3872513790224835,327.20672607421875,365.7137756347656,0.0,0.44024658203125,0.45717770265860963,0.45717770265860963,1.0,9.0,0.0001077578148714641,0.9999978428998452,6.974371910095215,0.7317826151847839,7.722638130187988
500.0,145.34619140625,49.62776565551758,186.96120743679177,241.39514739589467,0.774502758044967,326.20880126953125,382.02825927734375,1.0,0.41357421875,0.27426566146894826,0.27426566146894826,1.0,5.0,5.485313074243712e-05,0.9999953527878533,6.717201411724091,0.8578779101371765,7.6042985916137695
500.0,290.6923828125,49.62776565551758,373.92241487358353,241.39514739589467,1.549005516089934,325.7494201660156,400.44769287109375,1.0,0.392669677734375,0.16011528753213228,0.16011528753213228,1.0,3.0,6.536679056342375e-05,0.9997874106458585,6.193960785865784,1.1116999387741089,7.370781421661377
500.0,581.384765625,49.62776565551758,747.8448297471671,241.39514739589467,3.098011032179868,325.5842590332031,430.9987487792969,1.0,0.376708984375,0.0,0.09105809763995013,0.0,1.0,0.0,0.9322751730713122,6.007513403892517,1.4228841066360474,7.585514068603516
500.0,0.0,70.18425750732422,0.0,341.3842902362685,0.0,337.7695007324219,337.7695007324219,0.0,0.092254638671875,0.0,0.0,0.0,0.0,inf,0.0,0.0,5.2547760009765625,5.2547760009765625
500.0,18.16827392578125,70.18425750732422,23.37015092959897,341.3842902362685,0.06845701925365322,334.5837707519531,334.5837707519531,0.0,0.33074951171875,0.0,0.0,0.0,0.0,inf,0.0,0.0,3.943544626235962,3.943544626235962
500.0,36.3365478515625,70.18425750732422,46.74030185919794,341.3842902362685,0.13691403850730643,335.0827941894531,335.0827941894531,0.0,0.337738037109375,0.0,0.0,0.0,0.0,inf,0.0,0.0,4.141531467437744,4.141531467437744
500.0,72.673095703125,70.18425750732422,93.48060371839588,341.3842902362685,0.27382807701461287,327.98651123046875,357.8359680175781,0.0,0.321441650390625,0.41416443498941075,0.41416443498941075,1.0,9.0,0.0,1.0,6.828771948814392,0.7100338935852051,7.5507001876831055
500.0,145.34619140625,70.18425750732422,186.96120743679177,341.3842902362685,0.5476561540292257,326.62335205078125,373.62042236328125,1.0,0.3013916015625,0.25135101879651434,0.25135101879651434,1.0,5.0,0.0,0.999894261075416,6.8972660303115845,0.77964186668396,7.700705528259277
500.0,290.6923828125,70.18425750732422,373.92241487358353,341.3842902362685,1.0953123080584515,325.9240417480469,390.951904296875,1.0,0.28460693359375,0.14864731368773149,0.14864731368773149,1.0,3.0,7.0073013694039e-05,0.9998016640920402,6.472193717956543,0.9701661467552185,7.487924575805664
500.0,581.384765625,70.18425750732422,747.8448297471671,341.3842902362685,2.190624616116903,325.6456298828125,420.077392578125,1.0,0.27166748046875,0.0,0.08572653478627794,0.0,1.0,0.0,0.9305157327602727,6.308743357658386,1.2642982006072998,7.702887535095215
500.0,0.0,99.25553131103516,0.0,482.79029479178934,0.0,337.7687072753906,337.7687072753906,0.0,0.06524658203125,0.0,0.0,0.0,0.0,inf,0.0,0.0,5.256176471710205,5.256176471710205
500.0,18.16827392578125,99.25553131103516,23.37015092959897,482.79029479178934,0.04840642237781044,333.77032470703125,333.77032470703125,0.0,0.21783447265625,0.0,0.0,0.0,0.0,inf,0.0,0.0,3.603147268295288,3.603147268295288
500.0,36.3365478515625,99.25553131103516,46.74030185919794,482.79029479178934,0.09681284475562088,335.20184326171875,335.20184326171875,0.0,0.239227294921875,0.0,0.0,0.0,0.0,inf,0.0,0.0,4.189910888671875,4.189910888671875
500.0,72.673095703125,99.25553131103516,93.48060371839588,482.79029479178934,0.19362568951124176,328.9543151855469,350.1044006347656,0.0,0.233856201171875,0.3727865902262562,0.3727865902262562,1.0,7.0,0.0,0.9999776422269553,6.312784492969513,0.7238292098045349,7.044790267944336
500.0,145.34619140625,99.25553131103516,186.96120743679177,482.79029479178934,0.3872513790224835,327.2080383300781,365.64697265625,0.0,0.220001220703125,0.22876097984774407,0.22876097984774407,1.0,4.0,9.483928942138915e-05,0.9999835574197757,6.970673382282257,0.7321867942810059,7.721220970153809
500.0,290.6923828125,99.25553131103516,373.92241487358353,482.79029479178934,0.774502758044967,326.2010192871094,382.00189208984375,1.0,0.206817626953125,0.0,0.13715540094389414,0.0,2.0,0.0001371553970648745,0.9996526013397856,6.717915773391724,0.8581908941268921,7.6068902015686035
500.0,581.384765625,99.25553131103516,747.8448297471671,482.79029479178934,1.549005516089934,325.7500305175781,409.4885559082031,1.0,0.196380615234375,0.0,0.0,0.0,0.0,inf,0.9274359856662541,6.640724420547485,1.1015985012054443,7.8481621742248535
500.0,0.0,140.36851501464844,0.0,682.768580472537,0.0,337.7675476074219,337.7675476074219,0.0,0.046142578125,0.0,0.0,0.0,0.0,inf,0.0,0.0,5.2582244873046875,5.2582244873046875
500.0,18.16827392578125,140.36851501464844,23.37015092959897,682.768580472537,0.03422850962682661,333.1931457519531,333.1931457519531,0.0,0.135040283203125,0.0,0.0,0.0,0.0,inf,0.0,0.0,3.3744399547576904,3.3744399547576904
500.0,36.3365478515625,140.36851501464844,46.74030185919794,682.768580472537,0.06845701925365322,334.5804748535156,334.5804748535156,0.0,0.16448974609375,0.0,0.0,0.0,0.0,inf,0.0,0.0,3.9407036304473877,3.9407036304473877
500.0,72.673095703125,140.36851501464844,93.48060371839588,682.768580472537,0.13691403850730643,332.1785888671875,336.5093688964844,0.0,0.168548583984375,0.0,0.0,0.0,0.0,inf,0.0,0.8537037372589111,3.985523223876953,4.907455921173096
500.0,145.34619140625,140.36851501464844,186.96120743679177,682.768580472537,0.27382807701461287,327.9879455566406,357.8199157714844,0.0,0.160614013671875,0.20721094659799674,0.20721094659799674,1.0,3.0,0.0,0.9988644675325743,6.8292094469070435,0.7102291584014893,7.555775165557861
500.0,290.6923828125,140.36851501464844,373.92241487358353,682.768580472537,0.5476561540292257,326.6151123046875,373.6164245605469,1.0,0.150665283203125,0.0,0.12568340706113645,0.0,2.0,0.00012568340350656697,0.996358217454534,6.89648163318634,0.7581536769866943,7.704882621765137
500.0,581.384765625,140.36851501464844,747.8448297471671,682.768580472537,1.0953123080584515,325.9247131347656,399.53387451171875,1.0,0.142303466796875,0.0,0.0,0.0,0.0,inf,0.9213419841765829,6.98803836107254,0.9553585648536682,8.028148651123047
500.0,0.0,198.5110626220703,0.0,965.5805895835787,0.0,337.76593017578125,337.76593017578125,0.0,0.032623291015625,0.0,0.0,0.0,0.0,inf,0.0,0.0,5.261081695556641,5.261081695556641
500.0,18.16827392578125,198.5110626220703,23.37015092959897,965.5805895835787,0.02420321118890522,332.8585205078125,332.8585205078125,0.0,0.0777587890625,0.0,0.0,0.0,0.0,inf,0.0,0.0,3.2408432960510254,3.2408432960510254
500.0,36.3365478515625,198.5110626220703,46.74030185919794,965.5805895835787,0.04840642237781044,333.75946044921875,333.75946044921875,0.0,0.108306884765625,0.0,0.0,0.0,0.0,inf,0.0,0.0,3.6002197265625,3.6002197265625
500.0,72.673095703125,198.5110626220703,93.48060371839588,965.5805895835787,0.09681284475562088,335.05877685546875,335.8936462402344,0.0,0.11932373046875,0.0,0.0,0.0,0.0,inf,0.0,0.1600198745727539,4.0143914222717285,4.205248832702637
500.0,145.34619140625,198.5110626220703,186.96120743679177,965.5805895835787,0.19362568951124176,328.956298828125,350.1123352050781,0.0,0.116851806640625,0.1864743961241793,0.1864743961241793,1.0,3.0,4.395243542929808e-05,0.9984466711804897,6.311501681804657,0.7238091826438904,7.051692008972168
500.0,290.6923828125,198.5110626220703,373.92241487358353,965.5805895835787,0.3872513790224835,327.2003173828125,365.60137939453125,0.0,0.1099853515625,0.0,0.11439357431657646,0.0,2.0,2.8598392770326306e-05,0.9961302341320256,6.972305059432983,0.7070435881614685,7.721810340881348
500.0,581.384765625,198.5110626220703,747.8448297471671,965.5805895835787,0.774502758044967,326.20172119140625,390.44561767578125,1.0,0.1033935546875,0.0,0.0,0.0,0.0,inf,0.9048586458149981,7.334446132183075,0.8395821452140808,8.251104354858398
600.0,0.0,24.81388282775879,0.0,120.69757369794733,0.0,338.6318359375,338.6318359375,0.0,0.37530517578125,0.0,0.0,0.0,0.0,inf,0.0,0.0,4.672126770019531,4.672126770019531
600.0,18.16827392578125,24.81388282775879,23.37015092959897,120.69757369794733,0.19362568951124176,330.1370544433594,347.9991760253906,0.0,1.146270751953125,1.7672775125436435,1.7672775125436435,1.0,38.0,0.0004107413666788135,1.0,5.410221815109253,0.9013243913650513,6.322229385375977
600.0,36.3365478515625,24.81388282775879,46.74030185919794,120.69757369794733,0.3872513790224835,327.873779296875,367.08978271484375,0.0,1.013458251953125,1.0619298461264908,1.0619298461264908,1.0,22.0,0.00025541838210789116,0.9999966717040066,6.876956284046173,0.8490514755249023,7.743807315826416
600.0,72.673095703125,24.81388282775879,93.48060371839588,120.69757369794733,0.774502758044967,326.5616455078125,385.4568176269531,1.0,0.908843994140625,0.6420070308491835,0.6420070308491835,1.0,13.0,0.00013524681651073289,0.9999990637869184,6.778815805912018,0.9608861804008484,7.773114204406738
600.0,145.34619140625,24.81388282775879,186.96120743679177,120.69757369794733,1.549005516089934,325.9512939453125,404.2070007324219,1.0,0.835296630859375,0.3803004481011341,0.3803004481011341,1.0,7.0,0.0,0.9999986208217228,6.259658575057983,1.1969071626663208,7.506670951843262
600.0,290.6923828125,24.81388282775879,373.92241487358353,120.69757369794733,3.098011032179868,325.7005310058594,423.8793029785156,1.0,0.7841796875,0.21834061752880615,0.21834061752880615,1.0,4.0,0.0,0.9999401167772334,5.717288017272949,1.4863333702087402,7.267318248748779
600.0,581.384765625,24.81388282775879,747.8448297471671,120.69757369794733,6.196022064359736,325.5841369628906,456.0831298828125,1.0,0.748565673828125,0.0,0.12044565230736913,0.0,2.0,0.00012044564890093345,0.9311121914094733,5.547707438468933,1.7030192613601685,7.493862628936768
600.0,0.0,35.09212875366211,0.0,170.69214511813425,0.0,338.631591796875,338.631591796875,0.0,0.265533447265625,0.0,0.0,0.0,0.0,inf,0.0,0.0,4.672534942626953,4.672534942626953
600.0,18.16827392578125,35.09212875366211,23.37015092959897,170.69214511813425,0.13691403850730643,335.5830078125,335.5830078125,0.0,0.8580322265625,0.0,0.0,0.0,0.0,inf,0.0,0.0,3.6280243396759033,3.6280243396759033
600.0,36.3365478515625,35.09212875366211,46.74030185919794,170.69214511813425,0.27382807701461287,328.9019775390625,357.30810546875,0.0,0.7608642578125,0.9717937156841984,0.9717937156841984,1.0,20.0,0.0003250428357002904,1.0,6.432360768318176,0.8360887765884399,7.280898571014404
600.0,72.673095703125,35.09212875366211,93.48060371839588,170.69214511813425,0.5476561540292257,327.1073913574219,376.2822570800781,1.0,0.676239013671875,0.584667121702511,0.584667121702511,1.0,12.0,0.00012658414145793153,0.9999961676204948,6.927868604660034,0.8901854753494263,7.842335224151611
600.0,145.34619140625,35.09212875366211,186.96120743679177,170.69214511813425,1.0953123080584515,326.1929931640625,394.5989990234375,1.0,0.6143798828125,0.35074534375415384,0.35074534375415384,1.0,7.0,6.136764982545855e-05,1.0000047298967112,6.539830446243286,1.0652363300323486,7.643344402313232
600.0,290.6923828125,35.09212875366211,373.92241487358353,170.69214511813425,2.190624616116903,325.79876708984375,413.9465637207031,1.0,0.5711669921875,0.2047432236714415,0.2047432236714415,1.0,3.0,9.651687851036308e-05,0.9998845554787374,5.97573459148407,1.3440721035003662,7.378651142120361
600.0,581.384765625,35.09212875366211,747.8448297471671,170.69214511813425,4.381249232233806,325.6336364746094,445.89935302734375,1.0,0.541015625,0.0,0.1152671348374079,0.0,1.0,0.0,0.9301679044994408,5.75951874256134,1.6079943180084229,7.5895843505859375
600.0,0.0,49.62776565551758,0.0,241.39514739589467,0.0,338.6312255859375,338.6312255859375,0.0,0.187835693359375,0.0,0.0,0.0,0.0,inf,0.0,0.0,4.6731438636779785,4.6731438636779785
600.0,18.16827392578125,49.62776565551758,23.37015092959897,241.39514739589467,0.09681284475562088,335.73260498046875,335.73260498046875,0.0,0.63665771484375,0.0,0.0,0.0,0.0,inf,0.0,0.0,3.6778626441955566,3.6778626441955566
600.0,36.3365478515625,49.62776565551758,46.74030185919794,241.39514739589467,0.19362568951124176,330.1502685546875,347.83966064453125,0.0,0.57177734375,0.8853475239326536,0.8853475239326536,1.0,19.0,0.0,1.0,5.390112400054932,0.9078080654144287,6.305469989776611
600.0,72.673095703125,49.62776565551758,93.48060371839588,241.39514739589467,0.3872513790224835,327.877685546875,366.9148864746094,0.0,0.5059814453125,0.5316578207395484,0.5316578207395484,1.0,11.0,0.00010252877445914175,0.9999972060912435,6.873472511768341,0.8498685956001282,7.740680694580078
600.0,145.34619140625,49.62776565551758,186.96120743679177,241.39514739589467,0.774502758044967,326.5634460449219,385.3017578125,1.0,0.454345703125,0.32123354586634506,0.32123354586634506,1.0,6.0,0.0,0.9999990721627439,6.776612102985382,0.9616310000419617,7.771114349365234
600.0,290.6923828125,49.62776565551758,373.92241487358353,241.39514739589467,1.549005516089934,325.9521789550781,404.1384582519531,1.0,0.417877197265625,0.19022859673731313,0.19022859673731313,1.0,3.0,4.4837308974766024e-05,0.9998295851190121,6.2550694942474365,1.1975061893463135,7.507911682128906
600.0,581.384765625,49.62776565551758,747.8448297471671,241.39514739589467,3.098011032179868,325.70013427734375,435.33990478515625,1.0,0.392364501953125,0.0,0.10920011228849928,0.0,1.0,0.0,0.928826079060615,6.022649526596069,1.4850306510925293,7.707870006561279
600.0,0.0,70.18425750732422,0.0,341.3842902362685,0.0,338.63067626953125,338.63067626953125,0.0,0.13287353515625,0.0,0.0,0.0,0.0,inf,0.0,0.0,4.67405891418457,4.67405891418457
600.0,18.16827392578125,70.18425750732422,23.37015092959897,341.3842902362685,0.06845701925365322,334.8359375,334.8359375,0.0,0.462799072265625,0.0,0.0,0.0,0.0,inf,0.0,0.0,3.368628740310669,3.368628740310669
600.0,36.3365478515625,70.18425750732422,46.74030185919794,341.3842902362685,0.13691403850730643,335.5934753417969,335.5934753417969,0.0,0.428131103515625,0.0,0.0,0.0,0.0,inf,0.0,0.0,3.631263256072998,3.631263256072998
600.0,72.673095703125,70.18425750732422,93.48060371839588,341.3842902362685,0.27382807701461287,328.9069519042969,357.2113952636719,0.0,0.380035400390625,0.4864996488844234,0.4864996488844234,1.0,10.0,0.0,0.9996599826788063,6.426965117454529,0.836757242679596,7.278639316558838
600.0,145.34619140625,70.18425750732422,186.96120743679177,341.3842902362685,0.5476561540292257,327.1092224121094,376.14703369140625,1.0,0.338043212890625,0.2925687619315191,0.2925687619315191,1.0,6.0,0.0,0.9999997855456775,6.920550286769867,0.8907639384269714,7.839171886444092
600.0,290.6923828125,70.18425750732422,373.92241487358353,341.3842902362685,1.0953123080584515,326.1938781738281,394.52764892578125,1.0,0.3072509765625,0.17544373138663685,0.17544373138663685,1.0,3.0,8.27049657810518e-05,0.9996286754403526,6.538378477096558,1.0656999349594116,7.643768310546875
600.0,581.384765625,70.18425750732422,747.8448297471671,341.3842902362685,2.190624616116903,325.7967224121094,424.7218017578125,1.0,0.28570556640625,0.0,0.10239082867782033,0.0,1.0,0.0,0.9261887154254949,6.322973847389221,1.3394262790679932,7.854078769683838
600.0,0.0,99.25553131103516,0.0,482.79029479178934,0.0,338.62994384765625,338.62994384765625,0.0,0.093963623046875,0.0,0.0,0.0,0.0,inf,0.0,0.0,4.675280570983887,4.675280570983887
600.0,18.16827392578125,99.25553131103516,23.37015092959897,482.79029479178934,0.04840642237781044,334.1252746582031,334.1252746582031,0.0,0.326446533203125,0.0,0.0,0.0,0.0,inf,0.0,0.0,3.1296181678771973,3.1296181678771973
600.0,36.3365478515625,99.25553131103516,46.74030185919794,482.79029479178934,0.09681284475562088,335.7266540527344,335.7266540527344,0.0,0.31689453125,0.0,0.0,0.0,0.0,inf,0.0,0.0,3.6790294647216797,3.6790294647216797
600.0,72.673095703125,99.25553131103516,93.48060371839588,482.79029479178934,0.19362568951124176,330.1567687988281,347.7713928222656,0.0,0.285552978515625,0.4431151116791546,0.4431151116791546,1.0,8.0,0.00015666484572649775,1.0000377071866944,5.378072023391724,0.9106048345565796,6.299495220184326
600.0,145.34619140625,99.25553131103516,186.96120743679177,482.79029479178934,0.3872513790224835,327.8797912597656,366.8191833496094,0.0,0.25286865234375,0.26602820651288434,0.26602820651288434,1.0,5.0,0.0,1.0000004240275286,6.869411408901215,0.8503041863441467,7.738134384155273
600.0,290.6923828125,99.25553131103516,373.92241487358353,482.79029479178934,0.774502758044967,326.5542907714844,385.2575378417969,1.0,0.227203369140625,0.1606769902440039,0.1606769902440039,1.0,3.0,0.00015148771489187457,0.9994635999130271,6.763902068138123,0.9619413018226624,7.772693157196045
600.0,581.384765625,99.25553131103516,747.8448297471671,482.79029479178934,1.549005516089934,325.9476013183594,414.3695983886719,1.0,0.208953857421875,0.0,0.09512485405773434,0.0,1.0,0.0,0.9214730158535595,6.683939456939697,1.188237190246582,8.034923553466797
600.0,0.0,140.36851501464844,0.0,682.768580472537,0.0,338.62890625,338.62890625,0.0,0.06646728515625,0.0,0.0,0.0,0.0,inf,0.0,0.0,4.677013397216797,4.677013397216797
600.0,18.16827392578125,140.36851501464844,23.37015092959897,682.768580472537,0.03422850962682661,333.6946716308594,333.6946716308594,0.0,0.220947265625,0.0,0.0,0.0,0.0,inf,0.0,0.0,2.9846625328063965,2.9846625328063965
600.0,36.3365478515625,140.36851501464844,46.74030185919794,682.768580472537,0.06845701925365322,334.8349914550781,334.8349914550781,0.0,0.230255126953125,0.0,0.0,0.0,0.0,inf,0.0,0.0,3.3645355701446533,3.3645355701446533
600.0,72.673095703125,140.36851501464844,93.48060371839588,682.768580472537,0.13691403850730643,335.54388427734375,335.66119384765625,0.0,0.213623046875,0.0,0.0,0.0,0.0,inf,0.0,0.019707918167114258,3.6260173320770264,3.678295612335205
600.0,145.34619140625,140.36851501464844,186.96120743679177,682.768580472537,0.27382807701461287,328.9093017578125,357.128662109375,0.0,0.18988037109375,0.2434200586111504,0.2434200586111504,1.0,4.0,0.00010091662225332116,0.9999203607217635,6.424150705337524,0.8369646072387695,7.274234771728516
600.0,290.6923828125,140.36851501464844,373.92241487358353,682.768580472537,0.5476561540292257,327.0989074707031,376.1120910644531,1.0,0.16900634765625,0.0,0.14633254483730487,0.0,2.0,0.0001097494055240534,0.9994356555226764,6.919029891490936,0.8909758925437927,7.840712070465088
600.0,581.384765625,140.36851501464844,747.8448297471671,682.768580472537,1.0953123080584515,326.1866455078125,404.57489013671875,1.0,0.15362548828125,0.0,0.08773469277784982,0.0,1.0,0.0,0.9125417270091963,7.072128176689148,1.0516003370285034,8.25862979888916
600.0,0.0,198.5110626220703,0.0,965.5805895835787,0.0,338.62744140625,338.62744140625,0.0,0.0469970703125,0.0,0.0,0.0,0.0,inf,0.0,0.0,4.6794586181640625,4.6794586181640625
600.0,18.16827392578125,198.5110626220703,23.37015092959897,965.5805895835787,0.02420321118890522,333.4686584472656,333.4686584472656,0.0,0.141204833984375,0.0,0.0,0.0,0.0,inf,0.0,0.0,2.9102792739868164,2.9102792739868164
600.0,36.3365478515625,198.5110626220703,46.74030185919794,965.5805895835787,0.04840642237781044,334.11761474609375,334.11761474609375,0.0,0.16241455078125,0.0,0.0,0.0,0.0,inf,0.0,0.0,3.1299076080322266,3.1299076080322266
600.0,72.673095703125,198.5110626220703,93.48060371839588,965.5805895835787,0.09681284475562088,335.7022399902344,335.75897216796875,0.0,0.158111572265625,0.0,0.0,0.0,0.0,inf,0.0,0.01393437385559082,3.647792100906372,3.6775879859924316
600.0,145.34619140625,198.5110626220703,186.96120743679177,965.5805895835787,0.19362568951124176,330.15570068359375,347.9252014160156,0.0,0.14263916015625,0.22168648616552936,0.22168648616552936,1.0,4.0,4.7996530816329354e-05,0.9899199065065087,5.374940812587738,0.9049871563911438,6.3366169929504395
600.0,290.6923828125,198.5110626220703,373.92241487358353,965.5805895835787,0.3872513790224835,327.8691711425781,366.8091125488281,0.0,0.12640380859375,0.0,0.1330672026988599,0.0,2.0,0.00033266799733865603,0.9949183968303245,6.868862092494965,0.8238025903701782,7.741507530212402
600.0,581.384765625,198.5110626220703,747.8448297471671,965.5805895835787,0.774502758044967,326.5550537109375,395.56439208984375,1.0,0.11358642578125,0.0,0.0,0.0,0.0,inf,0.8967875317129641,7.480498731136322,0.9436818957328796,8.534928321838379
700.0,0.0,24.81388282775879,0.0,120.69757369794733,0.0,339.3470764160156,339.3470764160156,0.0,0.51080322265625,0.0,0.0,0.0,0.0,inf,0.0,0.0,4.21475887298584,4.21475887298584
700.0,18.16827392578125,24.81388282775879,23.37015092959897,120.69757369794733,0.19362568951124176,336.4080810546875,336.4080810546875,0.0,1.33990478515625,0.0,0.0,0.0,0.0,inf,0.0,0.0,3.3515892028808594,3.3515892028808594
700.0,36.3365478515625,24.81388282775879,46.74030185919794,120.69757369794733,0.3872513790224835,328.6910705566406,366.0430908203125,0.0,1.13525390625,1.2042679595870953,1.2042679595870953,1.0,25.0,0.00025716125754549274,1.000076851200572,6.506102204322815,0.9731230139732361,7.4978461265563965
700.0,72.673095703125,24.81388282775879,93.48060371839588,120.69757369794733,0.774502758044967,326.96612548828125,387.7833557128906,1.0,0.98382568359375,0.7227174379296065,0.7227174379296065,1.0,15.0,0.0001703461289295465,1.0,6.764958500862122,1.0674939155578613,7.8699774742126465
700.0,145.34619140625,24.81388282775879,186.96120743679177,120.69757369794733,1.549005516089934,326.1705627441406,407.3758239746094,1.0,0.881378173828125,0.4324740037258783,0.4324740037258783,1.0,9.0,0.0001074490270536407,1.0,6.280991077423096,1.2836447954177856,7.616353988647461
700.0,290.6923828125,24.81388282775879,373.92241487358353,120.69757369794733,3.098011032179868,325.82537841796875,426.95220947265625,1.0,0.81268310546875,0.2500781564943875,0.2500781564943875,1.0,4.0,6.251953735542357e-05,0.9999886756536625,5.724017143249512,1.5477421283721924,7.348016738891602
700.0,581.384765625,24.81388282775879,747.8448297471671,120.69757369794733,6.196022064359736,325.654296875,445.6938171386719,1.0,0.766448974609375,0.0,0.13837957908834597,0.0,2.0,0.00013837957517470422,0.9999943823394323,5.319080710411072,1.740878939628601,7.152093887329102
700.0,0.0,35.09212875366211,0.0,170.69214511813425,0.0,339.3468322753906,339.3468322753906,0.0,0.361419677734375,0.0,0.0,0.0,0.0,inf,0.0,0.0,4.215126991271973,4.215126991271973
700.0,18.16827392578125,35.09212875366211,23.37015092959897,170.69214511813425,0.13691403850730643,336.61895751953125,336.61895751953125,0.0,1.028594970703125,0.0,0.0,0.0,0.0,inf,0.0,0.0,3.4108965396881104,3.4108965396881104
700.0,36.3365478515625,35.09212875366211,46.74030185919794,170.69214511813425,0.27382807701461287,330.0438232421875,353.9688720703125,0.0,0.86981201171875,1.128349820346327,1.128349820346327,1.0,24.0,0.00028208744710860365,0.9999927202288709,5.564551830291748,0.9760355353355408,6.551865100860596
700.0,72.673095703125,35.09212875366211,93.48060371839588,170.69214511813425,0.5476561540292257,327.6766662597656,377.333984375,1.0,0.743865966796875,0.657246157267126,0.657246157267126,1.0,14.0,0.0,0.9999996515367343,6.812703371047974,1.0052186250686646,7.847218990325928
700.0,145.34619140625,35.09212875366211,186.96120743679177,170.69214511813425,1.0953123080584515,326.4877624511719,397.5159606933594,1.0,0.6558837890625,0.39680572522471397,0.39680572522471397,1.0,8.0,8.591095717319961e-05,1.0000039579671123,6.5511064529418945,1.1625572443008423,7.75860595703125
700.0,290.6923828125,35.09212875366211,373.92241487358353,170.69214511813425,2.190624616116903,325.96405029296875,417.10418701171875,1.0,0.596710205078125,0.23383608752062018,0.23383608752062018,1.0,4.0,8.267353924781335e-05,0.999949615187223,6.00193464756012,1.4186537265777588,7.4731879234313965
700.0,581.384765625,35.09212875366211,747.8448297471671,170.69214511813425,4.381249232233806,325.7275695800781,436.4986267089844,1.0,0.556976318359375,0.0,0.1322751360161286,0.0,2.0,0.00013227513227513228,1.0003094396585939,5.463075399398804,1.6566632986068726,7.240810871124268
700.0,0.0,49.62776565551758,0.0,241.39514739589467,0.0,339.34649658203125,339.34649658203125,0.0,0.25567626953125,0.0,0.0,0.0,0.0,inf,0.0,0.0,4.215636253356934,4.215636253356934
700.0,18.16827392578125,49.62776565551758,23.37015092959897,241.39514739589467,0.09681284475562088,335.8475646972656,335.8475646972656,0.0,0.78216552734375,0.0,0.0,0.0,0.0,inf,0.0,0.0,3.1860570907592773,3.1860570907592773
700.0,36.3365478515625,49.62776565551758,46.74030185919794,241.39514739589467,0.19362568951124176,336.4578552246094,336.4578552246094,0.0,0.667999267578125,0.0,0.0,0.0,0.0,inf,0.0,0.0,3.3654463291168213,3.3654463291168213
700.0,72.673095703125,49.62776565551758,93.48060371839588,241.39514739589467,0.3872513790224835,328.6972351074219,365.8413391113281,0.0,0.566680908203125,0.6031363258636503,0.6031363258636503,1.0,12.0,0.0,0.9999997804824936,6.497565925121307,0.9739742279052734,7.490591049194336
700.0,145.34619140625,49.62776565551758,186.96120743679177,241.39514739589467,0.774502758044967,326.9681091308594,387.609619140625,1.0,0.491851806640625,0.3616543203726861,0.3616543203726861,1.0,7.0,6.327632308086017e-05,1.0001769424923046,6.761964440345764,1.0681668519973755,7.867181301116943
700.0,290.6923828125,49.62776565551758,373.92241487358353,241.39514739589467,1.549005516089934,326.1714782714844,407.2579650878906,1.0,0.440826416015625,0.21636241315092516,0.21636241315092516,1.0,4.0,4.68438352283672e-05,0.9998851979570772,6.281504034996033,1.2842146158218384,7.615278244018555
700.0,581.384765625,49.62776565551758,747.8448297471671,241.39514739589467,3.098011032179868,325.8251647949219,439.2027282714844,1.0,0.4066162109375,0.0,0.12508600016035176,0.0,2.0,0.0001250859966226781,1.0000465782968528,5.697821021080017,1.5467530488967896,7.347912788391113
700.0,0.0,70.18425750732422,0.0,341.3842902362685,0.0,339.34600830078125,339.34600830078125,0.0,0.18084716796875,0.0,0.0,0.0,0.0,inf,0.0,0.0,4.216376781463623,4.216376781463623
700.0,18.16827392578125,70.18425750732422,23.37015092959897,341.3842902362685,0.06845701925365322,334.997314453125,334.997314453125,0.0,0.58837890625,0.0,0.0,0.0,0.0,inf,0.0,0.0,2.9372124671936035,2.9372124671936035
700.0,36.3365478515625,70.18425750732422,46.74030185919794,341.3842902362685,0.13691403850730643,336.615478515625,336.615478515625,0.0,0.512176513671875,0.0,0.0,0.0,0.0,inf,0.0,0.0,3.409791946411133,3.409791946411133
700.0,72.673095703125,70.18425750732422,93.48060371839588,341.3842902362685,0.27382807701461287,330.05078125,353.8793640136719,0.0,0.433990478515625,0.5649137382447235,0.5649137382447235,1.0,11.0,0.00013587465648441817,1.0000130504638867,5.560936152935028,0.9768758416175842,6.548985481262207
700.0,145.34619140625,70.18425750732422,186.96120743679177,341.3842902362685,0.5476561540292257,327.6790771484375,377.20855712890625,1.0,0.371826171875,0.32889328343428126,0.32889328343428126,1.0,6.0,0.00013427011690967376,1.0000002614376988,6.815324425697327,1.0057017803192139,7.845342636108398
700.0,290.6923828125,70.18425750732422,373.92241487358353,341.3842902362685,1.0953123080584515,326.4888000488281,397.4762268066406,1.0,0.32794189453125,0.19848490422083406,0.19848490422083406,1.0,3.0,4.678333925611482e-05,0.9995603136899947,6.5569517612457275,1.1629184484481812,7.761250972747803
700.0,581.384765625,70.18425750732422,747.8448297471671,341.3842902362685,2.190624616116903,325.9620361328125,429.0701599121094,1.0,0.2984619140625,0.0,0.1169385520998576,0.0,2.0,0.0,0.999283315546573,5.973230719566345,1.4146080017089844,7.473395824432373
700.0,0.0,99.25553131103516,0.0,482.79029479178934,0.0,339.3453063964844,339.3453063964844,0.0,0.127899169921875,0.0,0.0,0.0,0.0,inf,0.0,0.0,4.217444896697998,4.217444896697998
700.0,18.16827392578125,99.25553131103516,23.37015092959897,482.79029479178934,0.04840642237781044,334.47076416015625,334.47076416015625,0.0,0.432159423828125,0.0,0.0,0.0,0.0,inf,0.0,0.0,2.784703254699707,2.784703254699707
700.0,36.3365478515625,99.25553131103516,46.74030185919794,482.79029479178934,0.09681284475562088,335.8545227050781,335.8545227050781,0.0,0.38983154296875,0.0,0.0,0.0,0.0,inf,0.0,0.0,3.1872212886810303,3.1872212886810303
700.0,72.673095703125,99.25553131103516,93.48060371839588,482.79029479178934,0.19362568951124176,336.36322021484375,336.49383544921875,0.0,0.333343505859375,0.0,0.0,0.0,0.0,inf,0.0,0.010744094848632812,3.366588830947876,3.390164375305176
700.0,145.34619140625,99.25553131103516,186.96120743679177,482.79029479178934,0.3872513790224835,328.70001220703125,365.73858642578125,0.0,0.283172607421875,0.3018412400488778,0.3018412400488778,1.0,6.0,0.0,0.9999869940565584,6.494976222515106,0.9744111895561218,7.486680030822754
700.0,290.6923828125,99.25553131103516,373.92241487358353,482.79029479178934,0.774502758044967,326.9692687988281,387.57275390625,1.0,0.245880126953125,0.18091907398659973,0.18091907398659973,1.0,3.0,4.2643033481277746e-05,0.9992547477796767,6.761049509048462,1.0684239864349365,7.869531631469727
700.0,581.384765625,99.25553131103516,747.8448297471671,482.79029479178934,1.549005516089934,326.1666259765625,418.9490661621094,1.0,0.220458984375,0.0,0.10819583752036054,0.0,1.0,0.0,0.9134628440887556,6.313383340835571,1.2756428718566895,8.204229354858398
700.0,0.0,140.36851501464844,0.0,682.768580472537,0.0,339.34429931640625,339.34429931640625,0.0,0.0904541015625,0.0,0.0,0.0,0.0,inf,0.0,0.0,4.218974590301514,4.218974590301514
700.0,18.16827392578125,140.36851501464844,23.37015092959897,682.768580472537,0.03422850962682661,334.1905822753906,334.1905822753906,0.0,0.30810546875,0.0,0.0,0.0,0.0,inf,0.0,0.0,2.704340696334839,2.704340696334839
700.0,36.3365478515625,140.36851501464844,46.74030185919794,682.768580472537,0.06845701925365322,334.9905090332031,334.9905090332031,0.0,0.292694091796875,0.0,0.0,0.0,0.0,inf,0.0,0.0,2.936563730239868,2.936563730239868
700.0,72.673095703125,140.36851501464844,93.48060371839588,682.768580472537,0.13691403850730643,336.6133117675781,336.6133117675781,0.0,0.255523681640625,0.0,0.0,0.0,0.0,inf,0.0,0.00034356117248535156,3.4108667373657227,3.4122724533081055
700.0,145.34619140625,140.36851501464844,186.96120743679177,682.768580472537,0.27382807701461287,330.05438232421875,353.78717041015625,0.0,0.21685791015625,0.2827974401973734,0.2827974401973734,1.0,5.0,0.00010581311011492721,1.0002345852648187,5.549505770206451,0.9776145219802856,6.539065361022949
700.0,290.6923828125,140.36851501464844,373.92241487358353,682.768580472537,0.5476561540292257,327.6650695800781,377.1871643066406,1.0,0.18585205078125,0.16452329840937763,0.16452329840937763,1.0,3.0,0.00033132375369751213,0.9987847704681715,6.811114549636841,1.0058563947677612,7.848354339599609
700.0,581.384765625,140.36851501464844,747.8448297471671,682.768580472537,1.0953123080584515,326.4805908203125,409.31463623046875,1.0,0.16400146484375,0.0,0.09923588650212685,0.0,1.0,0.0,0.9010823751852802,7.127704739570618,1.1493785381317139,8.467569351196289
700.0,0.0,198.5110626220703,0.0,965.5805895835787,0.0,339.3428955078125,339.3428955078125,0.0,0.06396484375,0.0,0.0,0.0,0.0,inf,0.0,0.0,4.221104621887207,4.221104621887207
700.0,18.16827392578125,198.5110626220703,23.37015092959897,965.5805895835787,0.02420321118890522,334.106201171875,334.106201171875,0.0,0.210235595703125,0.0,0.0,0.0,0.0,inf,0.0,0.0,2.6778175830841064,2.6778175830841064
700.0,36.3365478515625,198.5110626220703,46.74030185919794,965.5805895835787,0.04840642237781044,334.4642333984375,334.4642333984375,0.0,0.21514892578125,0.0,0.0,0.0,0.0,inf,0.0,0.0,2.78593373298645,2.78593373298645
700.0,72.673095703125,198.5110626220703,93.48060371839588,965.5805895835787,0.09681284475562088,335.8541259765625,335.8541259765625,0.0,0.1944580078125,0.0,0.0,0.0,0.0,inf,0.0,0.0002808570861816406,3.183410167694092,3.184676170349121
700.0,145.34619140625,198.5110626220703,186.96120743679177,965.5805895835787,0.19362568951124176,332.42840576171875,343.7699890136719,0.0,0.16650390625,0.0,0.2326122419823057,0.0,1.0,0.0,0.00016752638853002064,2.5651113986968994,1.4920070171356201,4.163297653198242
700.0,290.6923828125,198.5110626220703,373.92241487358353,965.5805895835787,0.3872513790224835,328.6830749511719,365.8128662109375,0.0,0.141510009765625,0.15090543686347066,0.15090543686347066,1.0,3.0,0.00046647980359636334,0.9981188057232042,6.494527220726013,0.9742707014083862,7.500574588775635
700.0,581.384765625,198.5110626220703,747.8448297471671,965.5805895835787,0.774502758044967,326.9578552246094,400.3837585449219,1.0,0.1229248046875,0.0,0.09044044752481978,0.0,1.0,0.0,0.8783561980478046,7.580705285072327,1.049978256225586,8.79194450378418
800.0,0.0,24.81388282775879,0.0,120.69757369794733,0.0,339.975830078125,339.975830078125,0.0,0.66717529296875,0.0,0.0,0.0,0.0,inf,0.0,0.0,3.849465847015381,3.849465847015381
800.0,18.16827392578125,24.81388282775879,23.37015092959897,120.69757369794733,0.19362568951124176,337.03472900390625,337.03472900390625,0.0,1.52215576171875,0.0,0.0,0.0,0.0,inf,0.0,0.0,3.0930678844451904,3.0930678844451904
800.0,36.3365478515625,24.81388282775879,46.74030185919794,120.69757369794733,0.3872513790224835,329.7801818847656,361.7706298828125,0.0,1.24969482421875,1.3661202572157545,1.3661202572157545,1.0,29.0,0.0,1.0,5.708282709121704,1.105812430381775,6.830247402191162
800.0,72.673095703125,24.81388282775879,93.48060371839588,120.69757369794733,0.774502758044967,327.44451904296875,388.9144287109375,1.0,1.05438232421875,0.7935026363327505,0.7935026363327505,1.0,17.0,0.00019803214558995917,0.9999996442782513,6.661274790763855,1.1765055656433105,7.878895282745361
800.0,145.34619140625,24.81388282775879,186.96120743679177,120.69757369794733,1.549005516089934,326.4167175292969,409.9819030761719,1.0,0.924468994140625,0.47755493232183965,0.47755493232183965,1.0,9.0,0.0,0.9999742735898365,6.270747661590576,1.3712215423583984,7.696265697479248
800.0,290.6923828125,24.81388282775879,373.92241487358353,120.69757369794733,3.098011032179868,325.9610595703125,429.744140625,1.0,0.83929443359375,0.27746178748700984,0.27746178748700984,1.0,5.0,0.00013592795664843805,0.9999992816727568,5.731401681900024,1.60892915725708,7.4173197746276855
800.0,581.384765625,24.81388282775879,747.8448297471671,120.69757369794733,6.196022064359736,325.7285461425781,448.13800048828125,1.0,0.78289794921875,0.15383038072227445,0.15383038072227445,1.0,3.0,3.625816742829184e-05,1.000162594822519,5.324772834777832,1.7786239385604858,7.201287269592285
800.0,0.0,35.09212875366211,0.0,170.69214511813425,0.0,339.9755859375,339.9755859375,0.0,0.4720458984375,0.0,0.0,0.0,0.0,inf,0.0,0.0,3.849797487258911,3.849797487258911
800.0,18.16827392578125,35.09212875366211,23.37015092959897,170.69214511813425,0.13691403850730643,336.816650390625,336.816650390625,0.0,1.187042236328125,0.0,0.0,0.0,0.0,inf,0.0,0.0,3.0378711223602295,3.0378711223602295
800.0,36.3365478515625,35.09212875366211,46.74030185919794,170.69214511813425,0.27382807701461287,331.5651550292969,347.8349914550781,0.0,0.971405029296875,1.307098045976897,1.307098045976897,1.0,28.0,0.0002021393001854302,0.999699482160312,4.022601366043091,1.2045761346817017,5.236824035644531
800.0,72.673095703125,35.09212875366211,93.48060371839588,170.69214511813425,0.5476561540292257,328.3886413574219,376.3115539550781,1.0,0.807403564453125,0.7262340131317139,0.7262340131317139,1.0,15.0,0.00036230917105463135,0.9999942357260433,6.5020774602890015,1.1241209506988525,7.659225940704346
800.0,145.34619140625,35.09212875366211,186.96120743679177,170.69214511813425,1.0953123080584515,326.82574462890625,399.7137145996094,1.0,0.694549560546875,0.4364906277965658,0.4364906277965658,1.0,8.0,0.0,0.9999588355446796,6.5196075439453125,1.2613886594772339,7.829352855682373
800.0,290.6923828125,35.09212875366211,373.92241487358353,170.69214511813425,2.190624616116903,326.1465148925781,419.8863830566406,1.0,0.620513916015625,0.2589600238973307,0.2589600238973307,1.0,5.0,5.1792003314688206e-05,0.9999189910951021,5.977776765823364,1.493404746055603,7.550336837768555
800.0,581.384765625,35.09212875366211,747.8448297471671,170.69214511813425,4.381249232233806,325.8279724121094,439.14703369140625,1.0,0.571746826171875,0.0,0.1469129949361931,0.0,2.0,3.672824769530246e-05,0.9999623274381456,5.510066866874695,1.7050280570983887,7.299604415893555
800.0,0.0,49.62776565551758,0.0,241.39514739589467,0.0,339.9752502441406,339.9752502441406,0.0,0.333953857421875,0.0,0.0,0.0,0.0,inf,0.0,0.0,3.8502514362335205,3.8502514362335205
800.0,18.16827392578125,49.62776565551758,23.37015092959897,241.39514739589467,0.09681284475562088,335.8841247558594,335.8841247558594,0.0,0.921539306640625,0.0,0.0,0.0,0.0,inf,0.0,0.0,2.7952117919921875,2.7952117919921875
800.0,36.3365478515625,49.62776565551758,46.74030185919794,241.39514739589467,0.19362568951124176,337.0566711425781,337.0566711425781,0.0,0.75830078125,0.0,0.0,0.0,0.0,inf,0.0,0.0,3.0980446338653564,3.0980446338653564
800.0,72.673095703125,49.62776565551758,93.48060371839588,241.39514739589467,0.3872513790224835,329.789794921875,361.57501220703125,0.0,0.623504638671875,0.6844627161409529,0.6844627161409529,1.0,15.0,0.0,0.999997955124071,5.697190880775452,1.1067695617675781,6.819835186004639
800.0,145.34619140625,49.62776565551758,186.96120743679177,241.39514739589467,0.774502758044967,327.44720458984375,388.71221923828125,1.0,0.526885986328125,0.39714059899997306,0.39714059899997306,1.0,8.0,0.0,1.0001047110632437,6.657315731048584,1.1771265268325806,7.874245643615723
800.0,290.6923828125,49.62776565551758,373.92241487358353,241.39514739589467,1.549005516089934,326.4177551269531,409.88580322265625,1.0,0.462310791015625,0.2389272235539067,0.2389272235539067,1.0,4.0,5.17292598503383e-05,1.0001131139685362,6.261365294456482,1.371703863143921,7.694705963134766
800.0,581.384765625,49.62776565551758,747.8448297471671,241.39514739589467,3.098011032179868,325.9609680175781,429.64031982421875,1.0,0.41986083984375,0.0,0.1387780631137539,0.0,2.0,3.469451479721056e-05,0.9998327478756333,5.730118274688721,1.6082007884979248,7.415854454040527
800.0,0.0,70.18425750732422,0.0,341.3842902362685,0.0,339.9747619628906,339.9747619628906,0.0,0.2362060546875,0.0,0.0,0.0,0.0,inf,0.0,0.0,3.850912094116211,3.850912094116211
800.0,18.16827392578125,70.18425750732422,23.37015092959897,341.3842902362685,0.06845701925365322,335.2450866699219,335.2450866699219,0.0,0.707855224609375,0.0,0.0,0.0,0.0,inf,0.0,0.0,2.6346349716186523,2.6346349716186523
800.0,36.3365478515625,70.18425750732422,46.74030185919794,341.3842902362685,0.13691403850730643,336.7994384765625,336.7994384765625,0.0,0.591156005859375,0.0,0.0,0.0,0.0,inf,0.0,0.0,3.034604549407959,3.034604549407959
800.0,72.673095703125,70.18425750732422,93.48060371839588,341.3842902362685,0.27382807701461287,331.58685302734375,347.65789794921875,0.0,0.48492431640625,0.6545114724612927,0.6545114724612927,1.0,14.0,0.00019275856127244788,0.9982245501541405,3.9835225343704224,1.2116209268569946,5.210733890533447
800.0,145.34619140625,70.18425750732422,186.96120743679177,341.3842902362685,0.5476561540292257,328.39202880859375,376.160400390625,1.0,0.403472900390625,0.36343813493800914,0.36343813493800914,1.0,7.0,0.0,0.9999952534899264,6.5015788078308105,1.1246089935302734,7.654546737670898
800.0,290.6923828125,70.18425750732422,373.92241487358353,341.3842902362685,1.0953123080584515,326.8268127441406,399.6591796875,1.0,0.347381591796875,0.21836445644326502,0.21836445644326502,1.0,4.0,7.720349177710968e-05,0.9994230221929504,6.519315958023071,1.2617225646972656,7.831295490264893
800.0,581.384765625,70.18425750732422,747.8448297471671,341.3842902362685,2.190624616116903,326.14459228515625,419.8148498535156,1.0,0.31036376953125,0.0,0.12951690561869347,0.0,2.0,6.475845097785262e-05,0.9992557647640655,5.970256805419922,1.489940881729126,7.549753189086914
800.0,0.0,99.25553131103516,0.0,482.79029479178934,0.0,339.97406005859375,339.97406005859375,0.0,0.16705322265625,0.0,0.0,0.0,0.0,inf,0.0,0.0,3.851860523223877,3.851860523223877
800.0,18.16827392578125,99.25553131103516,23.37015092959897,482.79029479178934,0.04840642237781044,334.8818054199219,334.8818054199219,0.0,0.53533935546875,0.0,0.0,0.0,0.0,inf,0.0,0.0,2.5425198078155518,2.5425198078155518
800.0,36.3365478515625,99.25553131103516,46.74030185919794,482.79029479178934,0.09681284475562088,335.8788146972656,335.8788146972656,0.0,0.45892333984375,0.0,0.0,0.0,0.0,inf,0.0,0.0,2.7942473888397217,2.7942473888397217
800.0,72.673095703125,99.25553131103516,93.48060371839588,482.79029479178934,0.19362568951124176,337.0716552734375,337.0716552734375,0.0,0.37835693359375,0.0,0.0,0.0,0.0,inf,0.0,0.0,3.098414659500122,3.098414659500122
800.0,145.34619140625,99.25553131103516,186.96120743679177,482.79029479178934,0.3872513790224835,329.79449462890625,361.4950866699219,0.0,0.31158447265625,0.3425341917444463,0.3425341917444463,1.0,6.0,6.38274763080464e-05,0.9998821857801014,5.695535778999329,1.107192039489746,6.817012310028076
800.0,290.6923828125,99.25553131103516,373.92241487358353,482.79029479178934,0.774502758044967,327.4486389160156,388.71551513671875,1.0,0.263427734375,0.19867550230766867,0.19867550230766867,1.0,3.0,9.36565273094765e-05,0.9989563587460163,6.662439823150635,1.1772855520248413,7.879744529724121
800.0,581.384765625,99.25553131103516,747.8448297471671,482.79029479178934,1.549005516089934,326.4125061035156,409.8121032714844,1.0,0.231170654296875,0.0,0.11947431640166455,0.0,2.0,0.0,0.9986535099143984,6.2389198541641235,1.3638004064559937,7.695352077484131
800.0,0.0,140.36851501464844,0.0,682.768580472537,0.0,339.97308349609375,339.97308349609375,0.0,0.118133544921875,0.0,0.0,0.0,0.0,inf,0.0,0.0,3.853184700012207,3.853184700012207
800.0,18.16827392578125,140.36851501464844,23.37015092959897,682.768580472537,0.03422850962682661,334.7297668457031,334.7297668457031,0.0,0.3946533203125,0.0,0.0,0.0,0.0,inf,0.0,0.0,2.5045411586761475,2.5045411586761475
800.0,36.3365478515625,140.36851501464844,46.74030185919794,682.768580472537,0.06845701925365322,335.2281188964844,335.2281188964844,0.0,0.352569580078125,0.0,0.0,0.0,0.0,inf,0.0,0.0,2.6321160793304443,2.6321160793304443
800.0,72.673095703125,140.36851501464844,93.48060371839588,682.768580472537,0.13691403850730643,336.7924499511719,336.7924499511719,0.0,0.2950439453125,0.0,0.0,0.0,0.0,inf,0.0,0.0,3.031996488571167,3.031996488571167
800.0,145.34619140625,140.36851501464844,186.96120743679177,682.768580472537,0.27382807701461287,331.5378723144531,347.8954162597656,0.0,0.242218017578125,0.3274304984960896,0.3274304984960896,1.0,6.0,0.00031937296817702055,0.9789171870959205,3.979823589324951,1.2025721073150635,5.259942054748535
800.0,290.6923828125,140.36851501464844,373.92241487358353,682.768580472537,0.5476561540292257,328.37127685546875,376.23101806640625,1.0,0.20166015625,0.18180165953675706,0.18180165953675706,1.0,3.0,0.0001963682301126522,0.9981382556304802,6.502541899681091,1.1245765686035156,7.6663641929626465
800.0,581.384765625,140.36851501464844,747.8448297471671,682.768580472537,1.0953123080584515,326.81719970703125,413.8612060546875,1.0,0.173675537109375,0.0,0.10919415028193188,0.0,1.0,0.0,0.9972799366273972,6.50158417224884,1.2485004663467407,7.8280863761901855
800.0,0.0,198.5110626220703,0.0,965.5805895835787,0.0,339.9717102050781,339.9717102050781,0.0,0.08355712890625,0.0,0.0,0.0,0.0,inf,0.0,0.0,3.855044364929199,3.855044364929199
800.0,18.16827392578125,198.5110626220703,23.37015092959897,965.5805895835787,0.02420321118890522,334.7297058105469,334.7297058105469,0.0,0.280914306640625,0.0,0.0,0.0,0.0,inf,0.0,0.0,2.4993157386779785,2.4993157386779785
800.0,36.3365478515625,198.5110626220703,46.74030185919794,965.5805895835787,0.04840642237781044,334.8783264160156,334.8783264160156,0.0,0.266204833984375,0.0,0.0,0.0,0.0,inf,0.0,0.0,2.5447123050689697,2.5447123050689697
800.0,72.673095703125,198.5110626220703,93.48060371839588,965.5805895835787,0.09681284475562088,335.8743591308594,335.8743591308594,0.0,0.228973388671875,0.0,0.0,0.0,0.0,inf,0.0,0.0,2.7940351963043213,2.7940351963043213
800.0,145.34619140625,198.5110626220703,186.96120743679177,965.5805895835787,0.19362568951124176,336.71319580078125,339.59100341796875,0.0,0.18896484375,0.0,0.0,0.0,0.0,inf,0.0,0.26352715492248535,2.8437139987945557,3.124133348464966
800.0,290.6923828125,198.5110626220703,373.92241487358353,965.5805895835787,0.3872513790224835,329.7581787109375,361.68109130859375,0.0,0.155731201171875,0.17125243091938558,0.17125243091938558,1.0,3.0,0.0014737219595188477,0.9941152820854326,5.693589448928833,1.1066339015960693,6.846415996551514
800.0,581.384765625,198.5110626220703,747.8448297471671,965.5805895835787,0.774502758044967,327.4335021972656,405.0140075683594,1.0,0.131683349609375,0.0,0.099299938263436,0.0,1.0,0.0,0.9776261785187943,6.656756281852722,1.158068060874939,8.003199577331543
