Temperature,Resistance,Time,Current,V+,V-,T+,T-,model_resistance_ohm,log10_residual
369.823,17.6701,161.6042,2e-06,5.417629e-05,-1.650411e-05,369.818,369.828,18.215269944402127,0.013196604422490266
369.804,17.51626,166.1829,2e-06,5.370945e-05,-1.635557e-05,369.82,369.788,18.21526994481813,0.01699422878565504
369.6375,17.56282,170.7725,2e-06,5.363401e-05,-1.661728e-05,369.692,369.583,18.21526994867992,0.01584136153048643
369.2775,17.52333,175.3441,2e-06,5.313416e-05,-1.695916e-05,369.371,369.184,18.215269958518384,0.01681897237963259
368.758,17.54455,179.9138,2e-06,5.274752e-05,-1.74307e-05,368.883,368.633,18.215269977183382,0.01629337903165151
368.0925,17.48208,184.4999,2e-06,5.206381e-05,-1.786452e-05,368.241,367.944,18.215270011744007,0.017842510048921456
367.3375,17.5145,189.0836,2e-06,5.174079e-05,-1.831722e-05,367.5,367.175,18.21527007264671,0.01703787109721011
366.5325,17.56165,193.6717,2e-06,5.137533e-05,-1.887129e-05,366.702,366.363,18.21527017787351,0.01587029978993959
365.715,17.4544,198.2373,2e-06,5.084256e-05,-1.897503e-05,365.895,365.535,18.215270354261637,0.01853069709165811
364.8995,17.51628,202.8168,2e-06,5.055251e-05,-1.95126e-05,365.068,364.731,18.215270645556313,0.016993749617358
364.1005,17.50215,207.4017,2e-06,4.978633e-05,-2.022228e-05,364.262,363.939,18.215271115203198,0.01734423805566543
363.3375,17.49448,211.9893,2e-06,4.940671e-05,-2.057122e-05,363.491,363.184,18.21527184105844,0.01753461876127904
362.613,17.56817,216.5735,2e-06,4.909786e-05,-2.117481e-05,362.759,362.467,18.21527293122268,0.015709157661458972
361.9245,17.50628,221.1467,2e-06,4.875366e-05,-2.127147e-05,362.063,361.786,18.21527453284594,0.017241850722361507
361.2825,17.5446,225.7172,2e-06,4.852968e-05,-2.164872e-05,361.415,361.15,18.2152767833112,0.016292303616761483
360.6515,17.55108,230.2873,2e-06,4.81548e-05,-2.204953e-05,360.78,360.523,18.215280060355305,0.016132007123229375
360.0375,17.57231,234.8762,2e-06,4.818548e-05,-2.210376e-05,360.163,359.912,18.215284743623346,0.01560710835715251
359.434,17.53813,239.4486,2e-06,4.744518e-05,-2.270734e-05,359.558,359.31,18.2152914481927,0.016452839502917094
358.8455,17.64069,244.0183,2e-06,4.732491e-05,-2.323784e-05,358.97,358.721,18.215300895600915,0.01392078150439846
358.24,17.6065,248.6049,2e-06,4.707027e-05,-2.335572e-05,358.366,358.114,18.21531495938059,0.014763653937999388
357.628,17.58412,253.1908,2e-06,4.649739e-05,-2.383907e-05,357.755,357.501,18.21533567261741,0.015316539977804133
357.011,17.65603,257.7809,2e-06,4.656814e-05,-2.405598e-05,357.139,356.883,18.215366210602703,0.0135448488539891
356.39,17.69788,262.349,2e-06,4.618856e-05,-2.460298e-05,356.519,356.261,18.215411284422213,0.012517735537358021
355.7805,17.67017,266.9242,2e-06,4.569576e-05,-2.498493e-05,355.909,355.652,18.215475993262206,0.01319979662798132
355.1585,17.81459,271.5055,2e-06,4.581601e-05,-2.544233e-05,355.287,355.03,18.215572663891823,0.009666997624753648
354.5435,17.80634,276.0813,2e-06,4.52832e-05,-2.594217e-05,354.67,354.417,18.215712779022333,0.009871508131914952
353.932,17.76155,280.6549,2e-06,4.471737e-05,-2.632883e-05,354.058,353.806,18.215916366315017,0.010970160918699623
353.3345,17.84761,285.2237,2e-06,4.490362e-05,-2.64868e-05,353.461,353.208,18.2162054452386,0.00887784835457417
352.723,17.99791,289.8114,2e-06,4.463956e-05,-2.735209e-05,352.849,352.597,18.21663562674924,0.005246095797506012
352.11,17.97434,294.3924,2e-06,4.436373e-05,-2.753365e-05,352.237,351.983,18.217265553107797,0.0058302366013454066
351.496,18.0492,298.9607,2e-06,4.402654e-05,-2.817024e-05,351.623,351.369,18.21818795986222,0.004047221139314994
350.8945,18.21366,303.5371,2e-06,4.415388e-05,-2.870074e-05,351.022,350.767,18.219504014734778,0.00013932489487955557
350.278,18.23134,308.1086,2e-06,4.381438e-05,-2.911098e-05,350.405,350.151,18.22147118565979,-0.00023515177985933278
349.6615,18.30502,312.6995,2e-06,4.366114e-05,-2.955895e-05,349.789,349.534,18.224352707343535,-0.0019180957361981665
349.0455,18.47655,317.2838,2e-06,4.356447e-05,-3.034173e-05,349.173,348.918,18.22856964152007,-0.005868289816907124
348.436,18.70701,321.8513,2e-06,4.374365e-05,-3.108439e-05,348.57,348.302,18.234667025119084,-0.011106541129408232
347.828,18.87737,326.4303,2e-06,4.383562e-05,-3.167385e-05,347.955,347.701,18.243534739362836,-0.014832500159963846
347.2145,19.08189,331.0135,2e-06,4.389217e-05,-3.24354e-05,347.341,347.088,18.256598720562092,-0.019201518087976766
346.603,19.23928,335.6017,2e-06,4.405488e-05,-3.290223e-05,346.729,346.477,18.275628515665943,-0.022316493540114335
345.992,19.42435,340.1864,2e-06,4.40525e-05,-3.364491e-05,346.118,345.866,18.30339667383625,-0.02581480294701577
345.3815,19.82222,344.7572,2e-06,4.473152e-05,-3.455737e-05,345.507,345.256,18.343904434984857,-0.0336605127002676
344.784,20.02086,349.3301,2e-06,4.476686e-05,-3.531657e-05,344.91,344.658,18.401531435786417,-0.03662876082484057
344.174,20.42697,353.916,2e-06,4.525254e-05,-3.645535e-05,344.3,344.048,18.48707854023484,-0.043335664797917506
343.563,20.75882,358.501,2e-06,4.543881e-05,-3.759649e-05,343.689,343.437,18.612168924160766,-0.04740567760448
342.953,21.21917,363.0704,2e-06,4.597872e-05,-3.889798e-05,343.079,342.827,18.794471692734426,-0.05269826989313264
342.356,21.71841,367.6399,2e-06,4.670955e-05,-4.016409e-05,342.482,342.23,19.053717816075984,-0.05684829841224426
341.7455,22.35324,372.2203,2e-06,4.770924e-05,-4.17037e-05,341.872,341.619,19.439148590217933,-0.06066324156584679
341.1345,23.23795,376.8063,2e-06,4.923697e-05,-4.371483e-05,341.261,341.008,20.00217786297476,-0.06512052813688562
340.5235,24.08555,381.3723,2e-06,5.046534e-05,-4.587686e-05,340.65,340.397,20.823881929793064,-0.06319487531121659
339.9245,25.232,385.9387,2e-06,5.223828e-05,-4.86897e-05,340.051,339.798,21.994491873237752,-0.05963774282484513
339.3125,26.56409,390.518,2e-06,5.455818e-05,-5.169817e-05,339.439,339.186,23.732893558029822,-0.04894425154568749
338.699,28.42491,395.1033,2e-06,5.763258e-05,-5.606706e-05,338.826,338.572,26.27453812799169,-0.034164007844192934
338.085,30.92703,399.6742,2e-06,6.231253e-05,-6.139559e-05,338.212,337.958,29.982190275936457,-0.013474859623419766
337.484,34.21897,404.2477,2e-06,6.822552e-05,-6.865035e-05,337.611,337.357,35.24117787834325,0.012783482536902868
336.869,39.02398,408.8388,2e-06,7.687107e-05,-7.922484e-05,336.996,336.742,43.02616219768143,0.04240104967666669
336.254,46.2132,413.4218,2e-06,8.950335e-05,-9.534946e-05,336.381,336.127,54.29170502847917,0.06996743889703594
335.639,57.47183,417.9967,2e-06,0.0001095717,-0.0001203156,335.766,335.512,70.5081681116188,0.08878440529953635
335.025,76.97595,422.5657,2e-06,0.0001436964,-0.0001642074,335.152,334.898,93.63244240757419,0.08507129466789243
334.4235,110.6953,427.1351,2e-06,0.0002035666,-0.0002392144,334.55,334.297,125.52543840829352,0.05460256525269225
333.81,174.3309,431.7272,2e-06,0.0003148975,-0.0003824261,333.937,333.683,170.6824275892775,-0.009185561117964092
333.196,272.4042,436.3081,2e-06,0.0004981365,-0.0005914803,333.323,333.069,232.39079488136062,-0.06899487792785663
332.5835,390.8629,440.8814,2e-06,0.0007307974,-0.0008326543,332.71,332.457,314.2210568299636,-0.09478916497682022
331.9855,526.3125,445.4472,2e-06,0.001002653,-0.001102597,332.112,331.859,416.5193338489662,-0.10160851955791017
331.374,645.7925,450.0282,2e-06,0.001223612,-0.001359558,331.5,331.248,544.9509957893713,-0.07373554646598679
330.763,774.3662,454.6128,2e-06,0.001492512,-0.001604953,330.889,330.637,695.031364515908,-0.04694198503156066
330.152,883.7883,459.2013,2e-06,0.001729848,-0.001805305,330.278,330.026,860.7047690141497,-0.011494038550394325
329.541,971.1823,463.7756,2e-06,0.001901799,-0.00198293,329.667,329.415,1032.7431623394116,0.026691569554055494
328.944,1039.606,468.3478,2e-06,0.002052892,-0.00210553,329.07,328.818,1197.1990167847134,0.061297574167428426
328.333,1112.684,472.9308,2e-06,0.002177837,-0.002272899,328.459,328.207,1353.238472854253,0.08500249328182097
327.7225,1198.793,477.5128,2e-06,0.002346746,-0.002448424,327.849,327.596,1491.2873257396386,0.09481712851525215
327.1115,1322.061,482.0814,2e-06,0.002602977,-0.002685268,327.238,326.985,1609.5968843832939,0.0854656287404385
326.5135,1404.724,486.6524,2e-06,0.002776826,-0.00284207,326.64,326.387,1706.9494019606504,0.08462964528829664
325.9005,1573.22,491.2303,2e-06,0.003116217,-0.003176661,326.027,325.774,1790.2540216551192,0.05612519914250891
325.2885,1633.596,495.8052,2e-06,0.003241909,-0.003292475,325.415,325.162,1859.8649729671001,0.05633675405101135
324.6755,1699.233,500.3733,2e-06,0.003363852,-0.003433079,324.802,324.549,1919.0878025463164,0.052841911420112186
324.077,1788.582,504.9443,2e-06,0.003546411,-0.003607916,324.203,323.951,1969.3436162357334,0.04181264382039451
323.4655,1855.034,509.5362,2e-06,0.003680304,-0.00373983,323.592,323.339,2015.1048885995222,0.03594578261575254
322.8545,1921.453,514.1195,2e-06,0.003804309,-0.003881503,322.981,322.728,2056.8622178535893,0.029575434968481584
322.2435,1983.88,518.6882,2e-06,0.003941987,-0.003993532,322.37,322.117,2095.925288152445,0.023860398411652994
321.6455,2031.9,523.2603,2e-06,0.004037996,-0.004089605,321.772,321.519,2132.452524833454,0.020977040846540174
321.0345,2081.884,527.8374,2e-06,0.004129212,-0.004198325,321.161,320.908,2168.707835711606,0.01774452111192959
320.423,2149.507,532.4196,2e-06,0.004266232,-0.004331795,320.549,320.297,2204.4109258555122,0.010953691117170372
319.8115,2197.493,536.9912,2e-06,0.004368294,-0.004421679,319.938,319.685,2239.8945841763107,0.008300079353424472
319.2125,2245.818,541.5647,2e-06,0.004456149,-0.004527121,319.339,319.086,2274.693189040966,0.005548268900739117
318.6005,2291.134,546.1477,2e-06,0.004557392,-0.004607142,318.727,318.474,2310.476323667864,0.003651032277366628
317.9875,2393.351,550.7367,2e-06,0.004755131,-0.004818271,318.114,317.861,2346.6900388709137,-0.008550665442033978
317.375,2440.652,555.3221,2e-06,0.004852328,-0.004910279,317.501,317.249,2383.3505465175626,-0.010317936336120326
316.7625,2486.022,559.8926,2e-06,0.004945345,-0.004998743,316.889,316.636,2420.5657392492417,-0.011588085622407984
316.163,2539.708,564.4628,2e-06,0.00505215,-0.00510668,316.289,316.037,2457.586382242434,-0.014274995098304544
315.5505,2583.229,569.0411,2e-06,0.00514,-0.005192916,315.677,315.424,2496.065098148676,-0.014906999846866942
314.939,2622.267,573.6237,2e-06,0.005221566,-0.0052675,315.064,314.814,2535.180441741228,-0.014668033871792385
314.333,2663.471,578.2112,2e-06,0.005303693,-0.005350192,314.458,314.208,2574.6658855613846,-0.014727093896517385
313.727,2705.311,582.7868,2e-06,0.005385695,-0.005435548,313.852,313.602,2614.8981539610845,-0.014762419928887827
313.1325,2755.164,587.3601,2e-06,0.005484765,-0.005535892,313.258,313.007,2655.1171951459446,-0.016063759840516223
312.5245,2798.407,591.9422,2e-06,0.005572229,-0.005621397,312.65,312.399,2697.041583263038,-0.016023235988960938
311.916,2839.166,596.5138,2e-06,0.005651101,-0.005705564,312.042,311.79,2739.825103705919,-0.01546794495633863
311.3045,2877.579,601.0844,2e-06,0.005727348,-0.005782966,311.431,311.178,2783.673168407882,-0.014409012092544415
310.705,2916.197,605.6565,2e-06,0.005803624,-0.005861164,310.832,310.578,2827.512999399417,-0.013412248594480314
310.0895,2950.284,610.2444,2e-06,0.005870845,-0.005930292,310.217,309.962,2873.423001506424,-0.011464260080269906
309.473,2991.937,614.8294,2e-06,0.005957439,-0.006010311,309.6,309.346,2920.344650112055,-0.010518335951672952
308.856,3035.18,619.4162,2e-06,0.006032425,-0.006108295,308.984,308.728,2968.2667372741425,-0.009681526462110401
308.2435,3074.318,623.985,2e-06,0.006132142,-0.006165129,308.378,308.109,3016.815136005251,-0.008200089504331487
307.6305,3118.701,628.5577,2e-06,0.006210886,-0.006263918,307.759,307.502,3066.40055890049,-0.007344854126206446
307.0095,3164.268,633.144,2e-06,0.006296325,-0.006360746,307.138,306.881,3117.675569403688,-0.006442339487910509
306.386,3243.543,637.7308,2e-06,0.006456745,-0.006517427,306.515,306.257,3170.238725040197,-0.009927693138930493
305.7635,3288.126,642.2995,2e-06,0.006545107,-0.006607399,305.892,305.635,3223.8258268717755,-0.00857688101333487
305.1535,3342.256,646.8742,2e-06,0.006644686,-0.006724336,305.282,305.025,3277.437784276731,-0.008505255392380562
304.5305,3394.523,651.4597,2e-06,0.006759988,-0.006818106,304.659,304.402,3333.3451014365346,-0.00789847711070557
303.91,3440.385,656.0351,2e-06,0.006845113,-0.006916426,304.038,303.782,3390.2148968240795,-0.006379817621286588
303.2915,3499.933,660.6013,2e-06,0.006960754,-0.007038977,303.419,303.164,3448.10971280818,-0.006478654771651993
302.688,3548.426,665.1737,2e-06,0.007061738,-0.007131966,302.815,302.561,3505.7922792932895,-0.005249572484057108
302.0735,3597.12,669.7651,2e-06,0.007166008,-0.007222473,302.2,301.947,3565.7659573177934,-0.0038020917194581116
301.462,3640.62,674.35,2e-06,0.007246881,-0.007315601,301.588,301.336,3626.7195626432463,-0.0016613756795282875
300.8525,3686.243,678.9373,2e-06,0.007340899,-0.007404073,300.978,300.727,3688.7688802768234,0.00029748451307565205
300.246,3730.963,683.5235,2e-06,0.00743177,-0.007492082,300.371,300.121,3751.828361639496,0.00242201993115998
299.6415,3781.103,688.093,2e-06,0.007518996,-0.007605416,299.766,299.517,3816.0184456056422,0.003991957278000502
299.0515,3839.431,692.6648,2e-06,0.007644611,-0.007713114,299.176,298.927,3879.9894880842394,0.00456368186776368
298.449,3882.552,697.2525,2e-06,0.007730378,-0.007799831,298.573,298.325,3946.6957499875275,0.007116366952974573
297.8475,3932.685,701.8396,2e-06,0.007831069,-0.007899669,297.972,297.723,4014.716868871,0.008965761103695513
297.246,3978.101,706.4073,2e-06,0.007921097,-0.007991306,297.37,297.122,4084.198241137813,0.01143100872882119
296.6585,4023.934,710.9815,2e-06,0.008018654,-0.008077084,296.782,296.535,4153.507407542028,0.013764140471999031
296.0595,4071.89,715.5656,2e-06,0.008106081,-0.008181478,296.183,295.936,4225.680342647874,0.016100603913882683
295.4605,4115.755,720.1395,2e-06,0.00819831,-0.008264711,295.584,295.337,4299.413245521589,0.018959675627646
294.8615,4166.059,724.7092,2e-06,0.008292031,-0.008372207,294.985,294.738,4374.745752979362,0.021227402044970756
294.2735,4217.583,729.2787,2e-06,0.008394705,-0.008475628,294.398,294.149,4450.290092232285,0.023324683345261832
293.671,4264.227,733.8723,2e-06,0.008492333,-0.008564574,293.796,293.546,4529.378505811085,0.02619829913643157
293.067,4312.559,738.4566,2e-06,0.008590243,-0.008659991,293.192,292.942,4610.415613692554,0.029005027670315098
292.462,4364.999,743.044,2e-06,0.00868919,-0.008770806,292.587,292.337,4693.3908973102125,0.03150257815127189
291.857,4416.657,747.6112,2e-06,0.008796665,-0.008869962,291.982,291.732,4778.218818198081,0.03417236133402346
291.265,4465.904,752.1803,2e-06,0.00889438,-0.008969234,291.39,291.14,4863.0640114222415,0.03700060297541441
290.658,4514.692,756.7578,2e-06,0.008994365,-0.009064404,290.783,290.533,4951.998206838394,0.040152351401550934
290.051,4575.27,761.328,2e-06,0.009108131,-0.009192949,290.176,289.926,5042.947454738369,0.042267714887846974
289.8545,4625.355,824.937,2e-06,0.009228618,-0.009272802,289.845,289.864,5072.830430072789,0.040105274530369606
289.9035,4621.158,829.5143,2e-06,0.009226581,-0.009258049,289.889,289.918,5065.358307116161,0.039859353828404664
290.0365,4608.779,834.0829,2e-06,0.009211441,-0.009223673,289.992,290.081,5045.145129631652,0.03928778040174574
290.3695,4580.166,838.667,2e-06,0.009157264,-0.009163399,290.276,290.463,4994.970806667337,0.037651735792704866
290.9595,4539.305,843.2521,2e-06,0.009088875,-0.009068346,290.81,291.109,4907.575546588284,0.03387762943558181
291.79,4480.225,847.8438,2e-06,0.008971773,-0.008949126,291.601,291.979,4787.729017643559,0.02882973652877663
292.7445,4410.404,852.4199,2e-06,0.008837209,-0.008804409,292.543,292.946,4654.418575972906,0.023387063840091482
293.669,4343.199,856.9873,2e-06,0.008696734,-0.008676061,293.483,293.855,4529.643923128335,0.018254334662087146
294.508,4283.92,861.5678,2e-06,0.00857616,-0.00855952,294.347,294.669,4419.970284361104,0.013577997569814482
295.234,4230.408,866.1526,2e-06,0.008465154,-0.008456479,295.094,295.374,4327.7084976600545,0.009875745470260267
295.875,4176.324,870.7198,2e-06,0.008358788,-0.008346507,295.749,296.001,4248.223000783208,0.007413122022038365
296.46,4128.7,875.2938,2e-06,0.0082613,-0.008253501,296.338,296.582,4177.254065482586,0.005077563093893733
297.0595,4087.325,879.8887,2e-06,0.008176142,-0.008173156,296.934,297.185,4106.043832029528,0.0019844095313832355
297.681,4039.052,884.4722,2e-06,0.008083151,-0.008073056,297.55,297.812,4033.802170150743,-0.0005648491618472917
298.3275,3993.768,889.0468,2e-06,0.007994099,-0.007980975,298.192,298.463,3960.3197537114524,-0.0036525808787906122
298.9865,3943.809,893.6199,2e-06,0.00789674,-0.007878497,298.85,299.123,3887.118343561637,-0.006288110794971935
299.632,3897.701,898.1936,2e-06,0.007801168,-0.007789637,299.496,299.768,3817.0381133732226,-0.009082024080689255
300.2845,3849.325,902.7747,2e-06,0.00770703,-0.007690269,300.151,300.418,3747.78584202287,-0.011609814055971501
300.925,3801.997,907.3587,2e-06,0.007610883,-0.007597107,300.794,301.056,3681.319404297287,-0.014008269838225118
301.5555,3758.959,911.9468,2e-06,0.007522834,-0.007513002,301.426,301.685,3617.3162474361934,-0.016681109725922294
302.18,3716.547,916.523,2e-06,0.00744133,-0.007424859,302.051,302.309,3555.2810617909176,-0.01926568986883792
302.79,3671.288,921.0931,2e-06,0.007344089,-0.007341061,302.661,302.919,3495.9594808532515,-0.021252064361414913
303.4165,3614.242,925.6771,2e-06,0.007238251,-0.007218716,303.287,303.546,3436.3107442817663,-0.021924798377233934
304.0445,3570.742,930.2629,2e-06,0.00715034,-0.007132626,303.915,304.174,3377.7863027692088,-0.024126301600109645
304.6715,3528.168,934.8497,2e-06,0.00706402,-0.007048654,304.542,304.801,3320.589267150926,-0.026334096819403463
305.2965,3485.708,939.4225,2e-06,0.006978909,-0.006963922,305.168,305.425,3264.771709961826,-0.028438184655212417
305.905,3441.841,943.9969,2e-06,0.006893983,-0.006873381,305.777,306.033,3211.5479795471465,-0.030076389071398868
306.523,3392.485,948.5768,2e-06,0.006794661,-0.006775278,306.396,306.65,3158.5972598161093,-0.031023681814894566
307.1385,3349.614,953.153,2e-06,0.006703987,-0.006694471,307.011,307.266,3106.9400137310668,-0.032661894726581764
307.7555,3310.478,957.7207,2e-06,0.006630828,-0.006611084,307.628,307.883,3056.211976217711,-0.03470723285654964
308.361,3260.856,962.2933,2e-06,0.006534588,-0.006508837,308.233,308.489,3007.432083976743,-0.035135792137204636
308.9815,3213.12,966.8819,2e-06,0.006439701,-0.006412778,308.853,309.11,2958.449748251868,-0.035862748577375037
309.6035,3169.053,971.4651,2e-06,0.006344439,-0.006331771,309.475,309.732,2910.34674764067,-0.03698476725018596
310.225,3128.327,976.0554,2e-06,0.006269435,-0.006243875,310.097,310.353,2863.256373818949,-0.038451906841103334
310.8455,3088.009,980.6266,2e-06,0.006190018,-0.006162018,310.718,310.973,2817.189906556573,-0.039862433686064236
311.4505,3040.406,985.1972,2e-06,0.006090133,-0.006071492,311.323,311.578,2773.164927304405,-0.039955881942755234
312.0675,3002.039,989.7806,2e-06,0.00600852,-0.005999636,311.94,312.195,2729.1513987324174,-0.041388701262738525
312.684,2960.845,994.368,2e-06,0.005933189,-0.005910193,312.557,312.811,2686.045077616818,-0.042302375912954826
313.299,2920.112,998.9582,2e-06,0.005849496,-0.005830953,313.172,313.426,2643.8914175285367,-0.043155893941009715
313.914,2880.922,1003.526,2e-06,0.00576928,-0.005754409,313.787,314.041,2602.5648319798784,-0.04412994312006502
314.5165,2836.156,1008.101,2e-06,0.005683549,-0.005661075,314.389,314.644,2562.8617814167,-0.04400493038303033
315.1345,2791.071,1012.686,2e-06,0.005594698,-0.005569585,315.006,315.263,2522.9244609541956,-0.04386663685385539
315.758,2747.021,1017.272,2e-06,0.005507449,-0.005480636,315.629,315.887,2483.420810650023,-0.04381166334573949
316.38,2701.95,1021.858,2e-06,0.005412097,-0.005395705,316.252,316.508,2444.783415329503,-0.04343691729092658
316.9985,2645.195,1026.432,2e-06,0.005301221,-0.005279557,316.871,317.126,2407.109234094488,-0.040961894209156746
317.5995,2600.289,1031.006,2e-06,0.005208168,-0.005192988,317.473,317.726,2371.196723231476,-0.04005403264420293
318.211,2572.319,1035.59,2e-06,0.005156068,-0.005133206,318.085,318.337,2335.3439445737185,-0.041973973989382074
318.8225,2532.946,1040.173,2e-06,0.005087996,-0.005043788,318.696,318.949,2300.1676139055407,-0.04186644680370133
319.4345,2489.118,1044.76,2e-06,0.004992838,-0.004963635,319.308,319.561,2265.622929198367,-0.04085785411114351
320.0415,2449.457,1049.329,2e-06,0.004909557,-0.004888271,319.908,320.175,2231.9961444615456,-0.04037637979005071
320.6505,2408.376,1053.899,2e-06,0.004830084,-0.004803419,320.523,320.778,2198.8772389458463,-0.039523306892577104
321.2665,2339.71,1058.489,2e-06,0.004752018,-0.004606822,321.139,321.394,2165.9891422488386,-0.03350575600710526
321.8825,2276.551,1063.065,2e-06,0.004564384,-0.004541819,321.755,322.01,2133.695227513824,-0.028144998133852184
322.499,2240.716,1067.633,2e-06,0.004495516,-0.004467348,322.372,322.626,2101.9465461151817,-0.02776514784366224
323.101,2205.008,1072.209,2e-06,0.004422382,-0.00439765,322.974,323.228,2071.4701664801228,-0.027131486545665773
323.7165,2163.828,1076.789,2e-06,0.004345484,-0.004309827,323.589,323.844,2040.8152267781459,-0.0254190503381988
324.3315,2127.1,1081.378,2e-06,0.004270745,-0.004237654,324.204,324.459,2010.654836892288,-0.024450384633778022
324.947,2085.574,1085.945,2e-06,0.004184568,-0.004157729,324.82,325.074,1980.8880005888873,-0.022365682800032705
325.548,2042.957,1090.512,2e-06,0.004110291,-0.004061536,325.421,325.675,1952.1606271455448,-0.019743676431776436
326.164,1999.003,1095.097,2e-06,0.004013601,-0.003982413,326.037,326.291,1922.9731842811796,-0.01684021780895595
326.779,1950.229,1099.679,2e-06,0.003918911,-0.003882005,326.652,326.906,1893.96915056302,-0.012712709301113456
327.395,1911.083,1104.267,2e-06,0.003836222,-0.00380811,327.268,327.522,1864.8828875564118,-0.010627985432094977
328.0045,1864.491,1108.837,2e-06,0.003749879,-0.003708084,327.871,328.138,1835.836203899505,-0.006726361160187544
328.6135,1813.314,1113.409,2e-06,0.00364946,-0.003603796,328.486,328.741,1806.2280260131965,-0.0017004379618952292
329.23,1757.532,1117.981,2e-06,0.003532136,-0.003497991,329.103,329.357,1775.2077286753274,0.004345938889143586
329.8465,1677.67,1122.548,2e-06,0.003374765,-0.003335915,329.719,329.974,1742.503515369078,0.016467124356723595
330.4575,1623.589,1127.133,2e-06,0.003267589,-0.003226768,330.323,330.592,1707.5768363365546,0.021904154608900495
331.07,1570.262,1131.713,2e-06,0.003162822,-0.003118227,330.942,331.198,1668.9023456622988,0.026458804083824283
331.6895,1507.363,1136.3,2e-06,0.003053943,-0.00297551,331.562,331.817,1624.5024910996076,0.03250253085496713
332.3085,1433.858,1140.883,2e-06,0.002894183,-0.002841251,332.181,332.436,1572.8214689580304,0.0401732848814329
332.9255,1368.26,1145.455,2e-06,0.00276216,-0.002710879,332.798,333.053,1511.583991019456,0.04326365282537026
333.5255,1148.025,1150.024,2e-06,0.002398857,-0.002193244,333.399,333.652,1440.1184745642465,0.09844687617952053
334.137,1046.644,1154.612,2e-06,0.002127273,-0.002059304,334.011,334.263,1352.6175955531967,0.11137604450629057
334.747,987.3842,1159.202,2e-06,0.001996721,-0.001952816,334.621,334.873,1248.6995218037646,0.10197177198960272
335.357,934.177,1163.785,2e-06,0.001890611,-0.001846097,335.231,335.483,1127.9054984577074,0.08184354332423549
335.967,861.133,1168.374,2e-06,0.001747081,-0.001697451,335.841,336.093,992.5573597216919,0.06168538155270564
336.5775,797.9533,1172.945,2e-06,0.00162792,-0.001563893,336.451,336.704,847.9149938725408,0.026374839932328698
337.1765,714.726,1177.52,2e-06,0.00148071,-0.001378194,337.05,337.303,704.6864108173266,-0.006143684332315935
337.7895,633.214,1182.101,2e-06,0.001299861,-0.001232995,337.663,337.916,565.405277335128,-0.04919065054353977
338.4025,549.194,1186.69,2e-06,0.001142253,-0.001054523,338.276,338.529,440.92993365104536,-0.09535620086584284
339.0155,448.6495,1191.276,2e-06,0.0009444556,-0.0008501423,338.889,339.142,335.8265642585483,-0.12579214174304498
339.621,333.872,1195.843,2e-06,0.000730751,-0.0006047371,339.488,339.754,252.27432842307167,-0.1217069399864581
340.2265,212.2474,1200.42,2e-06,0.0004661069,-0.0003828828,340.1,340.353,187.58406124942692,-0.053646444676912264
340.8395,134.7614,1205.005,2e-06,0.0002984452,-0.0002406002,340.713,340.966,138.54306652867103,0.012019282031513256
341.452,89.94282,1209.592,2e-06,0.0001988532,-0.0001609181,341.326,341.578,102.80593952030029,0.058051706365320754
342.0655,63.6381,1214.178,2e-06,0.0001401573,-0.0001143951,341.939,342.192,77.17885111708733,0.08378110465456645
342.6725,48.96208,1218.748,2e-06,0.0001082253,-8.762301e-05,342.539,342.806,59.24147303767844,0.08276598953960645
343.2795,39.77355,1223.321,2e-06,8.876288e-05,-7.033133e-05,343.153,343.406,46.647282451486944,0.06923199216155074
343.8925,34.15695,1227.91,2e-06,7.618954e-05,-6.043824e-05,343.766,344.019,37.79202149500641,0.043921038954851443
344.506,31.08485,1232.495,2e-06,7.108281e-05,-5.325658e-05,344.379,344.633,31.663661611779325,0.008012359579827155
345.1195,27.58192,1237.06,2e-06,6.261891e-05,-4.770878e-05,344.993,345.246,27.440907394260506,-0.0022260263068336616
345.7185,25.5661,1241.636,2e-06,5.865569e-05,-4.36087e-05,345.592,345.845,24.594809119057345,-0.016821026961858276
346.3315,24.10255,1246.222,2e-06,5.593496e-05,-4.047525e-05,346.205,346.458,22.58603035307694,-0.02822308501692472
346.9445,22.86062,1250.811,2e-06,5.375176e-05,-3.769074e-05,346.818,347.071,21.20844799229851,-0.0325791161127269
347.5575,21.98947,1255.395,2e-06,5.225232e-05,-3.570554e-05,347.431,347.684,20.26445241225412,-0.03547988923382772
348.1705,21.33049,1259.964,2e-06,5.109944e-05,-3.422251e-05,348.044,348.297,19.61790987428179,-0.03634809706439479
348.77,20.8607,1264.536,2e-06,5.023646e-05,-3.320634e-05,348.643,348.897,19.18329743362,-0.03640561698015965
349.3835,20.25654,1269.112,2e-06,4.942779e-05,-3.159836e-05,349.257,349.51,18.87754498771208,-0.030619752015601742
349.997,19.88993,1273.701,2e-06,4.901999e-05,-3.053971e-05,349.87,350.124,18.668349126169687,-0.02752734043644045
350.611,19.61348,1278.286,2e-06,4.896808e-05,-2.948582e-05,350.484,350.738,18.525133814479602,-0.024793303190967064
351.2175,19.41543,1282.855,2e-06,4.874178e-05,-2.891995e-05,351.084,351.351,18.428174976918513,-0.022664686193984096
351.8245,19.00578,1287.426,2e-06,4.835038e-05,-2.767272e-05,351.698,351.951,18.361512585700137,-0.01497724314036919
352.4375,18.83838,1292.016,2e-06,4.833391e-05,-2.701962e-05,352.311,352.564,18.315353051198866,-0.0122282584109068
353.0515,18.61675,1296.599,2e-06,4.810283e-05,-2.636418e-05,352.925,353.178,18.283722903475308,-0.007839235974414827
353.665,18.44286,1301.172,2e-06,4.806274e-05,-2.570871e-05,353.538,353.792,18.2621052108084,-0.004277429043004322
354.266,18.38096,1305.734,2e-06,4.837157e-05,-2.515229e-05,354.139,354.393,18.247564364329097,-0.0031632857513417267
354.8805,18.25248,1310.32,2e-06,4.854844e-05,-2.446147e-05,354.754,355.007,18.237353657923546,-0.0003600612342087306
355.5015,18.16465,1314.904,2e-06,4.861918e-05,-2.403944e-05,355.373,355.63,18.23031134631936,0.0015670516063366335
356.123,18.04913,1319.492,2e-06,4.873471e-05,-2.34618e-05,355.995,356.251,18.225512023283343,0.004223465145502647
356.7425,17.96246,1324.066,2e-06,4.878179e-05,-2.306805e-05,356.615,356.87,18.22225295840238,0.006236257122785416
357.344,17.89351,1328.635,2e-06,4.891622e-05,-2.26578e-05,357.218,357.47,18.2200844099641,0.007854844290116958
357.954,17.83634,1333.223,2e-06,4.910722e-05,-2.223812e-05,357.828,358.08,18.218572029171675,0.00920859162198151
358.561,17.7762,1337.804,2e-06,4.92062e-05,-2.189861e-05,358.436,358.686,18.217539028600005,0.010650780743840071
359.1665,17.6365,1342.393,2e-06,4.92769e-05,-2.126909e-05,359.041,359.292,18.216830689940767,0.014060419239638744
359.776,17.73198,1346.967,2e-06,4.983332e-05,-2.109462e-05,359.65,359.902,18.21634086207331,0.011703911367087816
360.375,17.63179,1351.537,2e-06,5.028603e-05,-2.024112e-05,360.248,360.502,18.216009571979388,0.01415684119350269
360.9915,17.64888,1356.123,2e-06,5.048409e-05,-2.011144e-05,360.864,361.119,18.215775290045823,0.013730509960411474
361.61,17.52097,1360.707,2e-06,5.075991e-05,-1.932396e-05,361.482,361.738,18.2156148027008,0.016885687867482124
362.2285,17.59111,1365.296,2e-06,5.107348e-05,-1.929095e-05,362.101,362.356,18.215505288914496,0.01514797852697769
362.845,17.52627,1369.865,2e-06,5.160162e-05,-1.850346e-05,362.718,362.972,18.215430754055728,0.016749947880393856
363.4455,17.47853,1374.435,2e-06,5.163462e-05,-1.827948e-05,363.319,363.572,18.215380917068277,0.01793335328196588
364.0565,17.50858,1379.024,2e-06,5.240084e-05,-1.763346e-05,363.93,364.183,18.215346029623465,0.017186500888653367
364.667,17.43489,1383.611,2e-06,5.255172e-05,-1.718784e-05,364.541,364.793,18.215322124727386,0.01901764415290641
365.277,17.44019,1388.178,2e-06,5.312226e-05,-1.663849e-05,365.151,365.403,18.215305739382924,0.018885253174113936
365.8755,17.4732,1392.752,2e-06,5.331561e-05,-1.657719e-05,365.749,366.002,18.215294671895776,0.018063753371792002
366.49,17.50148,1397.33,2e-06,5.382484e-05,-1.618109e-05,366.363,366.617,18.21528685546342,0.017361238890106767
367.105,17.46258,1401.912,2e-06,5.402054e-05,-1.582978e-05,366.978,367.232,18.21528150318052,0.018327478590006052
367.7205,17.37652,1406.501,2e-06,5.413842e-05,-1.536767e-05,367.593,367.848,18.215277839206973,0.020472995403205463
368.336,17.37828,1411.074,2e-06,5.474197e-05,-1.477116e-05,368.209,368.463,18.215275333337573,0.020428949889233383
368.937,17.44253,1415.643,2e-06,5.530076e-05,-1.446937e-05,368.81,369.064,18.215273652793996,0.01882622153625002
369.5505,17.49852,1420.229,2e-06,5.568739e-05,-1.430668e-05,369.424,369.677,18.215272473166127,0.01743435379249325
370.1625,17.51208,1424.813,2e-06,5.62674e-05,-1.378091e-05,370.036,370.289,18.21527166692953,0.01709792025718082
