I_target_uA,I_avg_uA,V_avg_mV,V_std_mV,V_pp_mV,V_pp_active_mV,turn_count,input_power_dBm,dominant_freq_MHz,oscillatory,n_cycles,period_cv,spectral_purity,R_plateau_ohm,R_min_ohm,R_max_ohm,T_avg_K,T_max_K,P_avg_uW,P_peak_uW,cycle_energy_pJ,cycle_period_ns,cycle_frequency_MHz,regime
0.0,0.0,0.0,0.0,0.0,0.0,0.0,-150.0,0.0,0.0,0.0,inf,0.0,2817.621337890625,2817.621826171875,2817.621826171875,311.2193603515625,311.2193603515625,0.0,0.0,,,0.0,insulating
100.0,100.0,280.1938781738281,3.0517578125e-05,0.0,0.0,0.0,-33.01030017606384,3.569382264196159,0.0,1.0,inf,0.7647168092358573,2802.851806640625,2802.851806640625,2802.851806640625,311.41607666015625,311.4161071777344,28.01026153564453,28.010263442993164,,,0.0,insulating
200.0,200.0,548.3403930664062,0.0,0.0,0.0,0.0,-26.98970026278422,3.569382264196159,0.0,1.0,inf,0.7767340287642165,2742.59521484375,2742.594970703125,2742.594970703125,312.23236083984375,312.2323303222656,109.63236999511719,109.63236999511719,,,0.0,insulating
300.0,300.0,795.0499267578125,6.103515625e-05,0.0,0.0,0.0,-23.467874449688956,3.569382264196159,0.0,1.0,inf,0.7945544152356323,2650.741943359375,2650.741943359375,2650.741943359375,313.52056884765625,313.5206298828125,238.4632568359375,238.46322631835938,,,0.0,insulating
400.0,400.0,1014.4481201171875,6.103515625e-05,0.0,0.0,0.0,-20.969100349504597,3.569382264196159,0.0,1.0,inf,0.5026828606821782,2535.294677734375,2535.29443359375,2535.29443359375,315.2212219238281,315.2212219238281,405.9113464355469,405.9113464355469,,,0.0,insulating
500.0,500.0000305175781,1203.8389892578125,0.0001220703125,0.0,0.0,0.0,-19.030898446191294,3.569382264196159,0.0,1.0,inf,0.4437268151402811,2407.05078125,2407.05078125,2407.05078125,317.2275390625,317.2275390625,602.0763549804688,602.076416015625,,,0.0,insulating
600.0,600.0,1364.1923828125,0.0001220703125,0.0,0.0,0.0,-17.44727453640933,3.569382264196159,0.0,1.0,inf,0.6147022982326187,2273.160400390625,2273.160400390625,2273.160400390625,319.46966552734375,319.4696350097656,818.693115234375,818.6932983398438,,,0.0,insulating
700.0,700.0,1500.478515625,0.0001220703125,0.0,0.0,0.0,-16.108339466061803,3.569382264196159,0.0,0.0,inf,0.6650931216420147,2143.142333984375,2143.14208984375,2143.14208984375,321.8080749511719,321.80804443359375,1050.5302734375,1050.530517578125,,,0.0,insulating
800.0,800.0,1615.090087890625,0.0001220703125,0.0,0.0,0.0,-14.948500436224972,3.569382264196159,0.0,0.0,inf,0.6838225558887253,2019.1915283203125,2019.19140625,2019.19140625,324.19317626953125,324.1932067871094,1291.86181640625,1291.861572265625,,,0.0,insulating
900.0,900.0,1708.782470703125,0.0001220703125,0.0,0.0,0.0,-13.925450478818655,3.569382264196159,0.0,1.0,inf,0.6689627488887053,1898.921875,1898.921875,1898.921875,326.6084289550781,326.6083984375,1537.6812744140625,1537.681396484375,,,0.0,insulating
1000.0,1000.0000610351562,1773.8575439453125,0.0003662109375,0.0,0.0,0.0,-13.010298532911671,3.569382264196159,0.0,1.0,inf,0.6250030315850512,1774.089111328125,1774.0889892578125,1774.0889892578125,328.9135437011719,328.91351318359375,1773.627197265625,1773.626953125,,,0.0,insulating
1100.0,1100.0,1761.4122314453125,0.000244140625,0.0,0.0,0.0,-12.182446300540708,3.569382264196159,0.0,1.0,inf,0.5208409035280912,1601.181884765625,1601.181884765625,1601.181884765625,330.5127258300781,330.51275634765625,1937.6776123046875,1937.677490234375,,,0.0,insulating
1200.0,1200.0,1671.3822021484375,0.05051448941230774,0.51513671875,0.51513671875,0.0,-11.426674623129705,3.569382264196159,0.0,1.0,inf,0.14566769918857808,1392.9766845703125,1392.9766845703125,1392.9766845703125,331.23046875,331.23052978515625,2005.4306640625,2005.451171875,83.32860565185547,40.55461120605469,24.658108418770954,insulating
1300.0,1300.0,1602.4921875,3.994969606399536,25.3887939453125,25.3887939453125,0.0,-10.73143288685724,3.569382264196159,0.0,2.0,0.0,0.104006869036425,1233.3209228515625,1218.345947265625,1233.8599853515625,331.98785400390625,332.3707275390625,2082.17236328125,2084.429931640625,73.32923889160156,35.329986572265625,28.304567791288363,insulating
1400.0,1400.0,1381.98583984375,679.6766967773438,1925.30126953125,1925.30126953125,5.0,-10.087739552782178,35.69382264196159,1.0,10.0,0.004982206323185516,0.23151225968420738,1186.652099609375,123.21141052246094,1811.984375,331.146484375,341.19207763671875,1941.577392578125,6470.70751953125,53.90223821004232,27.146831936306423,36.836710904103356,oscillatory
1500.0,1500.0,1378.7259521484375,769.8041381835938,2113.947021484375,2113.947021484375,7.0,-9.488474700025446,42.832587170353904,1.0,12.0,0.00020211318387631784,0.1922482066960838,1174.4427490234375,47.352745056152344,1775.015869140625,331.1447448730469,343.4100036621094,2029.51513671875,13385.359375,48.18481233384874,23.921761406792534,41.80294180662015,oscillatory
1600.0,1600.0,1312.58349609375,809.5784912109375,2148.1904296875,2148.1904296875,8.0,-8.927900522945349,46.40196943455006,1.0,13.0,4.155892964989419e-05,0.19085058430687982,1060.998779296875,35.05262756347656,1702.701171875,331.8619689941406,344.335693359375,2106.56298828125,18663.69140625,45.116357283158735,21.878645463423297,45.70666870907522,oscillatory
1700.0,1700.0,1243.1746826171875,814.3406982421875,2149.25244140625,2149.25244140625,8.0,-8.401322008726114,49.971351698746226,1.0,14.0,2.3974002893690544e-05,0.18807543684990335,979.8623657226562,30.94152069091797,1619.609375,332.1714172363281,344.80645751953125,2064.2939453125,22027.18359375,42.79592355092367,20.302019755045574,49.256182984034105,oscillatory
1800.0,1800.0,1218.459228515625,803.2618408203125,2125.1826171875,2125.1826171875,6.0,-7.90485056553903,53.54073396294238,1.0,15.0,6.039301203568006e-05,0.18583152979162149,913.7883911132812,29.90133285522461,1527.11376953125,332.52032470703125,344.9497375488281,2149.205078125,23087.37109375,40.8432731628418,19.003331502278645,52.62235202706917,oscillatory
1900.0,1900.0,1154.370849609375,795.2791748046875,2079.39013671875,2079.39013671875,10.0,-7.43522832331823,57.11011622713854,1.0,16.0,8.221792288949756e-05,0.18310459452311578,811.3673095703125,30.688968658447266,1425.42578125,333.054931640625,344.8401184082031,2189.40087890625,22106.09375,39.11718251154973,17.896978525015022,55.875353406848916,oscillatory
2000.0,2000.0001220703125,1079.0966796875,764.3102416992188,2006.3271484375,2006.3271484375,11.0,-6.989698619632047,60.6794984913347,1.0,17.0,7.846345879875882e-05,0.17941913942671447,717.9777221679688,33.854270935058594,1313.646484375,333.4501647949219,344.45977783203125,2167.77685546875,19168.224609375,37.565594809395925,16.940440586635045,59.03034191383062,oscillatory
2100.0,2100.0,1060.164306640625,718.670654296875,1888.291259765625,1888.291259765625,18.0,-6.565914371668553,60.6794984913347,1.0,18.0,0.0002039312890622061,0.20740613730507404,648.4456176757812,42.51995849609375,1184.017333984375,333.66741943359375,343.7161865234375,2222.70751953125,14472.6474609375,36.2581418355306,16.143038940429687,61.946205029310455,oscillatory
2200.0,2200.0,1073.1290283203125,7.326632022857666,47.45947265625,47.45947265625,0.0,-6.161846387261084,60.6794984913347,0.0,6.0,0.14658001840425472,0.06983784276527724,488.03326416015625,463.7951354980469,488.5621337890625,334.8088684082031,335.9213562011719,2359.695556640625,2364.36083984375,38.89920997619629,16.381702423095703,61.043716591393604,metallic lock
2300.0,2300.0,1036.0675048828125,0.0001220703125,0.0,0.0,0.0,-5.775743043550041,57.11011622713854,0.0,4.0,0.18250881536231953,0.05302915651708001,450.48968505859375,450.4896545410156,450.4896545410156,335.05419921875,335.05426025390625,2382.82080078125,2382.821044921875,48.51055145263672,19.79969024658203,50.50584062407882,metallic lock
2400.0,2400.0,996.0565795898438,6.103515625e-05,0.0,0.0,0.0,-5.406074709850081,3.569382264196159,0.0,1.0,0.0,0.05338257784109289,415.01226806640625,415.01226806640625,415.01226806640625,335.0754699707031,335.0754699707031,2390.6005859375,2390.6005859375,,,0.0,metallic lock
2500.0,2500.0,956.4942016601562,0.0,0.0,0.0,0.0,-5.051499977343824,3.569382264196159,0.0,1.0,inf,0.08473996961626716,382.60760498046875,382.6076354980469,382.6076354980469,335.1669921875,335.1669921875,2391.173095703125,2391.17333984375,,,0.0,metallic lock
2600.0,2600.0,908.7359619140625,6.103515625e-05,0.0,0.0,0.0,-4.710832973577617,3.569382264196159,0.0,1.0,inf,0.19207851728923972,349.505126953125,349.50506591796875,349.50506591796875,334.83782958984375,334.8377685546875,2362.772705078125,2362.7724609375,,,0.0,metallic lock
2700.0,2700.0,880.85009765625,0.0,0.0,0.0,0.0,-4.38302444815627,3.569382264196159,0.0,0.0,inf,0.3177697392969153,326.23291015625,326.23291015625,326.23291015625,334.9663391113281,334.96630859375,2378.35205078125,2378.3525390625,,,0.0,metallic lock
2800.0,2800.0,864.8087158203125,0.0001220703125,0.0,0.0,0.0,-4.067139639502554,3.569382264196159,0.0,0.0,inf,0.4335490941897716,308.8531188964844,308.8531494140625,308.8531494140625,335.3901062011719,335.3901062011719,2421.52099609375,2421.52099609375,,,0.0,metallic lock
2900.0,2900.0,850.8397827148438,6.103515625e-05,0.0,0.0,0.0,-3.7623401091223663,3.569382264196159,0.0,0.0,inf,0.530186307498504,293.3996276855469,293.39959716796875,293.39959716796875,335.859619140625,335.8596496582031,2467.379638671875,2467.3798828125,,,0.0,metallic lock
3000.0,3000.0,834.3106689453125,6.103515625e-05,0.0,0.0,0.0,-3.4678747867458224,3.569382264196159,0.0,1.0,inf,0.6189830801415908,278.1095886230469,278.1095886230469,278.1095886230469,336.2705078125,336.27044677734375,2502.877685546875,2502.8779296875,,,0.0,metallic lock
