source_file,nominal_drive_mV,time_ns,current_corrected_uA,voltage_corrected_mV,current_smoothed_uA,voltage_smoothed_mV,effective_resistance_ohm,power_mW,temperature_inferred_K,temperature_model_K,fit_window,included_in_primary_fit
100mv0_converted.csv,100.0,-50.0,0.9320126298230598,0.42666700000000013,0.535265607200946,0.18917193939393998,353.4169519748768,1.0125723300507782e-07,338.90393437366816,314.4,False,True
100mv0_converted.csv,100.0,-49.0,-0.37068610123716983,0.0,0.16788460814029998,0.17107065151515177,1018.9775787676095,2.872012929392707e-08,335.8520017984977,314.40000131604205,False,True
100mv0_converted.csv,100.0,-48.0,-0.7519637786206501,-0.2133339999999997,-0.08388891230037665,0.2193475173160173,,-1.8400824643428723e-08,,314.40000131639033,False,True
100mv0_converted.csv,100.0,-47.0,0.19063883869173992,0.21333300000000044,-0.2200549541210841,0.3340025367965365,,-7.349891291108755e-08,,314.40000027311584,False,True
100mv0_converted.csv,100.0,-46.0,1.1226514685147997,1.2799999999999994,-0.24061351732182162,0.5150357099567089,,-1.2392455371902526e-07,,314.3999982324253,False,True
100mv0_converted.csv,100.0,-45.0,-0.5613249399289102,0.8533329999999992,0.162579837965581,0.8935640303030284,5496.155251995026,1.4527549525853789e-07,287.2152717082052,314.39999861834747,False,True
100mv0_converted.csv,100.0,-44.0,-0.7519637786206501,0.8533329999999992,0.2615213677373821,1.2255122770562745,4686.0885122279005,3.2049764687471047e-07,292.5147139426494,314.40000349558875,False,True
100mv0_converted.csv,100.0,-43.0,0.3706868955656599,1.066666999999999,-0.0971986974044308,1.4142569134199108,,-1.3746392977962617e-07,,314.40000503965905,False,True
100mv0_converted.csv,100.0,-42.0,1.1226514685147997,2.146667,-0.2908178119052488,1.439826865800863,,-4.187272986345993e-07,,314.3999989519663,False,True
100mv0_converted.csv,100.0,-41.0,-0.7519637786206501,1.7199999999999998,0.15171368205901367,1.7486293030303002,11525.851059037097,2.6529099011901364e-07,,314.3999975562198,False,True
100mv0_converted.csv,100.0,-40.0,-0.9320118354945701,1.7199999999999998,0.2264470709437614,1.9623667316017284,8665.895846756554,4.4437219848869373e-07,,314.4000050010493,False,True
100mv0_converted.csv,100.0,-39.0,0.5613257342573998,1.7199999999999998,-0.17284914025546122,2.0832325757575725,,-3.6008495967186634e-07,,314.4000053792463,False,True
100mv0_converted.csv,100.0,-38.0,1.1226514685147997,2.573334,-0.2484078054981818,2.0062916796536765,,-4.983785133320309e-07,,314.39999620213354,False,True
100mv0_converted.csv,100.0,-37.0,-0.7519637786206501,2.146667,0.24134789292761047,2.1577492207792175,8940.41043659084,5.207682279012576e-07,,314.39999685018046,False,True
100mv0_converted.csv,100.0,-36.0,-0.9320118354945701,2.146667,0.3088372466476767,2.266724666666663,7339.544343408021,7.00049004961705e-07,,314.4000095612657,False,True
100mv0_converted.csv,100.0,-35.0,0.9320126298230598,1.9333329999999993,-0.1400672617425026,2.311977207792204,,-3.23832316706531e-07,,314.40001254595194,False,True
100mv0_converted.csv,100.0,-34.0,0.9320126298230598,2.573334,-0.21044503113570143,2.1845311688311653,,-4.597237298415848e-07,,314.4000035958861,False,True
100mv0_converted.csv,100.0,-33.0,-0.7519637786206501,2.3599999999999994,0.27573447661617795,2.241789402597399,8130.247004686204,6.181386276088879e-07,,314.40000508476265,False,True
100mv0_converted.csv,100.0,-32.0,-0.9320118354945701,2.146667,0.2882053376983542,2.241789380952377,7778.445044965518,6.460956655859642e-07,,314.40001760130747,False,True
100mv0_converted.csv,100.0,-31.0,0.9320126298230598,1.9333329999999993,-0.215717663329715,2.2427130129870094,,-4.837928106807025e-07,,314.4000177875011,False,True
100mv0_converted.csv,100.0,-30.0,0.9320126298230598,2.3599999999999994,-0.2188353786002591,2.0931024848484814,,-4.580448747209605e-07,,314.40000685158,False,True
100mv0_converted.csv,100.0,-29.0,-0.9320118354945701,2.146667,0.21883617292874877,2.0986436493506457,9590.021710139972,4.5925914456511827e-07,,314.4000064718238,False,True
100mv0_converted.csv,100.0,-28.0,-0.9320118354945701,2.146667,0.19935045248784838,2.1688311731601697,10879.48959279324,4.323574757392309e-07,,314.4000150767635,False,True
100mv0_converted.csv,100.0,-27.0,0.9320126298230598,1.9333329999999993,-0.26092453475260396,2.190995770562767,,-5.71684552079013e-07,,314.4000123925321,False,True
100mv0_converted.csv,100.0,-26.0,0.7519645729491398,2.3599999999999994,-0.2562479618467879,2.1171140519480485,,-5.42506160808882e-07,,314.4000001036614,False,True
100mv0_converted.csv,100.0,-25.0,-0.9320118354945701,2.3599999999999994,0.17110764552351326,2.1863780476190438,12777.792838710973,3.7410599995239034e-07,,314.39999849976584,False,True
100mv0_converted.csv,100.0,-24.0,-0.7519637786206501,2.146667,0.16065413811188686,2.3747763593073556,14781.91839449198,3.8151764921300776e-07,,314.40000631987897,False,True
100mv0_converted.csv,100.0,-23.0,0.7519645729491398,2.3599999999999994,-0.20641044758605573,2.5881099134199093,,-5.342129256309113e-07,,314.4000041674677,False,True
100mv0_converted.csv,100.0,-22.0,0.7519645729491398,3.0,-0.1406632900828372,2.7281963376623337,,-3.837570728475309e-07,,314.39999451252896,False,True
100mv0_converted.csv,100.0,-21.0,-0.5613249399289102,3.426667,0.33148645081047345,3.131659532467528,9447.322883969235,1.0381027035644473e-06,,314.40000178594465,False,True
100mv0_converted.csv,100.0,-20.0,-0.37068610123716983,3.426667,0.4324451382496901,3.7680809177489123,8713.431102498034,1.6294882734119474e-06,,314.4000289373577,False,True
100mv0_converted.csv,100.0,-19.0,0.9320126298230598,4.066666,0.2087034917012852,4.423088229437223,21193.16832402563,9.231139575864037e-07,,314.4000527086801,False,True
100mv0_converted.csv,100.0,-18.0,1.3132895128780504,5.573334,0.36486401379861805,5.072150220779214,13901.48117917357,1.8506450881430507e-06,,314.4000771699668,False,True
100mv0_converted.csv,100.0,-17.0,0.19063883869173992,6.426667,0.958466918496306,6.128946670995663,6394.531258951619,5.874392629377406e-06,,314.400150706058,False,True
100mv0_converted.csv,100.0,-16.0,0.3706868955656599,7.08,1.292016113177022,7.557114008657998,5849.086502547806,9.763913068301932e-06,285.1992961509187,314.40029941972335,False,True
100mv0_converted.csv,100.0,-15.0,2.0546633040093703,8.573333,1.3407536234575153,9.04098130303029,6743.208554391628,1.2121728441649507e-05,,314.40050049915027,False,True
100mv0_converted.csv,100.0,-14.0,2.80662787695852,11.36,1.7850274030435638,10.627993883116869,5953.966793448432,1.8971260320742984e-05,,314.400781005868,False,True
100mv0_converted.csv,100.0,-13.0,2.0546633040093703,13.08,2.832714814492913,12.8128715194805,4523.177361140093,3.629521096942673e-05,293.71776984902664,314.40128841872775,False,True
100mv0_converted.csv,100.0,-12.0,2.61598903826677,14.786667,3.692652686657085,15.432266419913397,4179.181669501673,5.698600005670111e-05,296.4439505596532,314.4021459542276,False,True
100mv0_converted.csv,100.0,-11.0,5.05192684234565,17.786667,4.322522206166579,18.146899082251057,4198.219978225306,7.84403742560941e-05,296.28590510569893,314.403369146864,False,True
100mv0_converted.csv,100.0,-10.0,6.54526441209762,21.86667,5.355263584242271,21.05252732034629,3931.1841497947594,0.00011274183291491602,298.58797109629774,314.40507100156253,False,True
100mv0_converted.csv,100.0,-9.0,6.1745830768314205,24.86667,7.022917855687875,24.702223727272692,3517.373296238445,0.00017348168808946007,302.5683282727653,314.40761811087543,False,True
100mv0_converted.csv,100.0,-8.0,7.487870206724019,28.08,8.463025048770817,28.829322255411213,3406.503240776586,0.00024398327638663106,303.73467212790496,314.41131410881974,False,True
100mv0_converted.csv,100.0,-7.0,10.29449490636852,32.8,9.680308319808661,33.049986030302975,3414.1460104812277,0.0003199340547387019,303.6527630323338,314.41622743425216,False,True
100mv0_converted.csv,100.0,-6.0,12.53979943205512,38.373329999999996,11.312292695951744,37.532755238095184,3317.873418491619,0.00042458151293884867,304.70160607366637,314.422618164699,False,True
100mv0_converted.csv,100.0,-5.0,12.73043827074682,42.88,13.69069394136253,42.74637770562764,3122.294449697808,0.0005852275742696306,306.9542240189163,314.4312429752129,False,True
100mv0_converted.csv,100.0,-4.0,14.975742796433423,47.58667,15.852689156994764,48.3548053679653,3050.258848141828,0.0007665536987453356,307.8287474727516,314.44271176012444,False,True
100mv0_converted.csv,100.0,-3.0,18.34369561332092,53.81333,17.85082169414273,54.01402510822503,3025.856514266135,0.0009641947311898734,308.13086767399625,314.45718805506635,False,True
100mv0_converted.csv,100.0,-2.0,21.52100959151652,60.666669999999996,20.188875006479652,59.854718311688224,2964.737673222394,0.0012083994265427221,308.9011311088849,314.4750917094557,False,True
100mv0_converted.csv,100.0,-1.0,22.27296860416622,66.45333,23.228320895300996,66.37546909090901,2857.523339292963,0.001541790695619767,310.3015390990645,314.49755596114096,False,True
100mv0_converted.csv,100.0,5.546246e-13,25.07960124709572,72.45333,25.883096189312145,73.1333919047618,2825.527184609414,0.0018929186173216115,310.7322634434066,314.525319976384,False,True
100mv0_converted.csv,100.0,1.0,28.818235399249318,79.53334000000001,28.362684053176274,79.83492207792196,2814.787272186302,0.002264332671306047,310.8782113103824,314.558374589163,False,True
100mv0_converted.csv,100.0,2.0,32.376827054828524,87.46667,31.050838509148527,86.53974406926395,2787.03404559483,0.0026871316177177586,311.25861800521045,314.5970582828983,False,True
100mv0_converted.csv,100.0,3.0,33.31943284945492,93.68,34.451116163063226,93.67849545454531,2719.1715650415626,0.0032273287288855307,312.209140156415,314.6426792439127,False,True
100mv0_converted.csv,100.0,4.0,36.68738566634232,100.33332999999999,37.32234418374019,100.87578021645007,2702.825409889379,0.003764920589041679,312.44254486625414,314.6958723023004,False,True
100mv0_converted.csv,100.0,5.0,40.42602776178092,107.4,39.97955153279176,107.80392060606044,2696.476485426262,0.004309952399306985,312.5336795415879,314.7561204495658,False,True
100mv0_converted.csv,100.0,6.0,44.17525825605182,115.33330000000001,42.72419144451469,114.47412164502148,2679.3747938726337,0.004890814288604561,312.78050787149743,314.82333986985964,False,True
100mv0_converted.csv,100.0,7.0,44.73657843000972,121.54669999999999,46.1073196493916,121.39735679653661,2632.930253149914,0.005597306734409155,313.46093719302036,314.89866659956095,False,True
100mv0_converted.csv,100.0,8.0,48.28458168675652,127.54669999999999,48.81376745620676,128.14586870129853,2625.1993111628703,0.006255282635258791,313.57566184715284,314.9822562943711,False,True
100mv0_converted.csv,100.0,9.0,51.65253450364402,133.9867,51.24388423195174,134.40682813852797,2622.885250660258,0.0068875279411145605,313.6100828255441,315.0727352798819,False,True
100mv0_converted.csv,100.0,10.0,55.21112615922312,141.0533,53.653278799759235,140.1547580086578,2612.2309976941565,0.007519762306551306,313.76906086797226,315.1693279613501,False,True
100mv0_converted.csv,100.0,11.0,55.21112615922312,146.20000000000002,56.596077743439885,145.95596363636344,2578.905985287671,0.008260535065082309,314.27162522495445,315.27269727762433,False,True
100mv0_converted.csv,100.0,12.0,58.20838969755942,150.7067,58.74734343798258,151.48525324675305,2578.5889945248414,0.008899356198276765,314.2764450525163,315.38237451309146,False,True
100mv0_converted.csv,100.0,13.0,61.015022340488926,155.85330000000002,60.59981335687424,156.25852554112532,2578.5314654504605,0.00946923748321256,314.2773200215483,315.4961482261338,False,True
100mv0_converted.csv,100.0,14.0,63.82164704013343,161.4267,62.39699075699067,160.4034541125539,2570.6921466334184,0.010008692843650403,314.39675078271375,315.61270298265737,False,True
100mv0_converted.csv,100.0,15.0,63.450957761582316,164.85330000000002,64.72711264772977,164.50757445887422,2541.5558910249665,0.010648100303404344,314.8446754936574,315.73255667052865,True,True
100mv0_converted.csv,100.0,16.0,65.69626228726892,167.2133,66.2812910004386,168.27397619047593,2538.7854347822285,0.011153416383681811,314.887603004426,315.8550827952474,True,True
100mv0_converted.csv,100.0,17.0,67.94156681295551,170.85330000000002,67.48147252685084,171.1406597402595,2536.113296463155,0.011548823728489449,314.92906312544267,315.97759564188925,True,True
100mv0_converted.csv,100.0,18.0,69.99622455666542,174.5067,68.58541730485882,173.39958658008632,2528.228206432479,0.011892683006085217,315.0517249580491,316.09845722484255,True,True
100mv0_converted.csv,100.0,19.0,69.06421510415632,176.0,70.18929720410974,175.69922813852787,2503.2196522440786,0.012332205342347814,315.44396319907673,316.2182607622969,True,True
100mv0_converted.csv,100.0,20.0,70.37751017733382,176.4267,71.15037729142053,177.66131471861448,2496.983452258338,0.012640669572319222,315.54254181992525,316.33669454619974,True,True
100mv0_converted.csv,100.0,21.0,72.06147864249262,178.57330000000002,71.69185049740511,178.7199493506491,2492.8907276164937,0.012812763889750549,315.60740485814887,316.4511330382346,True,True
100mv0_converted.csv,100.0,22.0,73.74546299422123,180.5067,72.26601716385687,179.26193333333308,2480.5841025785653,0.012954545951092813,315.803253538374,316.5601897910611,True,True
100mv0_converted.csv,100.0,23.0,72.43216792104371,180.08,73.3540475532833,179.95382900432875,2453.2228964408946,0.01320034173017894,316.2430901968389,316.6650377291458,True,True
100mv0_converted.csv,100.0,24.0,72.80285719959492,179.2133,73.84306695045846,180.39168614718588,2442.9062009059185,0.013320675357472736,316.4105349526578,316.76574322217135,True,True
100mv0_converted.csv,100.0,25.0,74.48683360803862,179.8667,73.89730751696942,180.09933939393915,2437.1569877912266,0.013308856266796966,316.50423412733954,316.85998849136024,True,True
100mv0_converted.csv,100.0,26.0,75.42940762952522,180.72,74.02209972140896,179.49188268398242,2424.841815613467,0.013286366039217186,316.7058811313697,316.94681725066624,True,True
100mv0_converted.csv,100.0,27.0,73.74546299422123,179.2133,74.73252673573016,179.1383454545452,2397.0599319893977,0.013387461191076264,317.165537360012,317.0279548878388,True,True
100mv0_converted.csv,100.0,28.0,73.92550549079571,177.72,75.00340324025838,178.60015194805172,2381.227307458862,0.01339561921533114,317.4304939849804,317.10411194877514,True,True
100mv0_converted.csv,100.0,29.0,75.42940762952522,177.29330000000002,74.77434699621315,177.59529610389586,2375.0832101935966,0.013279572295767931,317.53391067818325,317.1734430159777,True,True
100mv0_converted.csv,100.0,30.0,76.17083384633712,177.29330000000002,74.80222558808882,176.3534571428569,2357.5963917701756,0.013191631084439335,317.83009367872745,317.23549985491775,True,True
100mv0_converted.csv,100.0,31.0,74.48683360803862,175.57330000000002,75.38111286969469,175.51265844155822,2328.337321643857,0.013230339516043271,318.3318789775326,317.29241919785363,True,True
100mv0_converted.csv,100.0,32.0,74.30678316817922,174.0667,75.51293243986842,174.57904372294348,2311.9092065715,0.013182975534067465,318.617092687698,317.3449718574321,True,True
100mv0_converted.csv,100.0,33.0,75.99075957662292,173.0,75.16255775150695,173.3865493506491,2306.820770041887,0.013032176528902671,318.7059491528088,317.39155008469265,True,True
100mv0_converted.csv,100.0,34.0,76.36147268502891,173.0,75.09258858675454,172.1705627705625,2292.7770371326815,0.012928733236879849,318.95246515447,317.43204977218625,True,True
100mv0_converted.csv,100.0,35.0,74.67747244673032,171.28,75.59156814113453,171.4124177489175,2267.612935729538,0.012957333456503914,319.3989314659132,317.4687675260294,True,True
100mv0_converted.csv,100.0,36.0,74.48683360803862,170.2133,75.70353390041842,170.6708770562768,2254.4638045666384,0.012920388527043995,319.6346872593803,317.50263891408474,False,True
100mv0_converted.csv,100.0,37.0,76.17083384633712,169.7867,75.33165268210077,169.89432251082226,2255.284683953179,0.012798420096046077,319.61992047027104,317.5323390750825,False,True
100mv0_converted.csv,100.0,38.0,76.55211152372063,169.7867,75.28474706869993,169.0647714285712,2245.670976011831,0.012727998555227547,319.7932948277952,317.5578573661022,False,True
100mv0_converted.csv,100.0,39.0,74.86811128542212,168.4933,75.73700528701252,168.7541125541123,2228.1592982796546,0.01278093111471591,320.11148128122034,317.581300624036,False,True
100mv0_converted.csv,100.0,40.0,74.67747244673032,168.0667,75.81710214007042,168.3880519480517,2220.9771568024125,0.012766694133712918,320.24287715662257,317.60337220200876,False,True
100mv0_converted.csv,100.0,41.0,76.17083384633712,167.85330000000002,75.4455375183956,168.0367004329002,2227.258310565134,0.012677619186977773,320.12793626745434,317.6227255677012,False,True
100mv0_converted.csv,100.0,42.0,76.55211152372063,168.4933,75.36906637947038,167.6689705627703,2224.639080953792,0.0126370537721229,320.1758176032715,317.63931230526254,False,True
100mv0_converted.csv,100.0,43.0,75.04815378199652,167.4267,75.8153582967395,167.80888398268377,2213.3890514093964,0.01272249066452316,320.3822696973526,317.6551299408788,False,True
100mv0_converted.csv,100.0,44.0,74.86811128542212,167.64000000000001,75.89879552462936,167.87497489177466,2211.8266005591454,0.012741508393013093,320.41104680069657,317.67081833854803,False,True
100mv0_converted.csv,100.0,45.0,76.17083384633712,167.64000000000001,75.61722178794908,167.94482510822488,2220.986451726395,0.012699521088346958,320.2427067887691,317.6850882943361,False,True
100mv0_converted.csv,100.0,46.0,76.73210636058542,168.9333,75.58163759071903,167.9874714285712,2222.5963446073715,0.012696768185295535,320.21320868444946,317.6978373788546,False,True
100mv0_converted.csv,100.0,47.0,75.23876879083342,168.0667,75.95971422742902,168.45580259740237,2217.699267443703,0.012795854625250878,320.303020217013,317.71062671951006,False,True
100mv0_converted.csv,100.0,48.0,75.23876879083342,168.4933,76.01491723810592,168.79882640692617,2220.6013311596175,0.012831228819211902,320.24976571301744,317.7238202330246,False,True
100mv0_converted.csv,100.0,49.0,76.17083384633712,168.9333,75.74862246159809,169.11386536796513,2232.56687543988,0.01281014234077952,320.03110375147867,317.7361629276164,False,True
100mv0_converted.csv,100.0,50.0,76.55211152372063,170.0,75.65382021543655,169.26273419913394,2237.332281663117,0.012805372462274502,319.9444229950366,317.74731879214215,False,True
100mv0_converted.csv,100.0,51.0,75.42940762952522,169.57330000000002,76.0269379728306,169.73903419913395,2232.6170003031402,0.012904739024625727,320.0301905323357,317.7586169397754,False,True
100mv0_converted.csv,100.0,52.0,75.42940762952522,169.7867,76.05810694154549,170.04276666666644,2235.6954899936295,0.012933130931769583,319.974170807497,317.7703617309786,False,True
100mv0_converted.csv,100.0,53.0,76.17083384633712,170.0,75.86745469211293,170.2244099567097,2243.7079330988286,0.01291449270988233,319.8288089943967,317.7813193140119,False,True
100mv0_converted.csv,100.0,54.0,76.73210636058542,170.85330000000002,75.806661053068,170.36201731601707,2247.3225300974036,0.012914575702992207,319.76344389027673,317.7912686862562,False,True
100mv0_converted.csv,100.0,55.0,75.42940762952522,170.64000000000001,76.09442425927351,170.69910519480496,2243.253784445345,0.012989250131371846,319.8370317123056,317.8012445319479,False,True
100mv0_converted.csv,100.0,56.0,75.60948189923943,170.64000000000001,76.06943832980559,170.9484571428569,2247.2685600976197,0.013003953118203968,319.76441859768806,317.81137615458164,False,True
100mv0_converted.csv,100.0,57.0,76.17083384633712,171.0667,75.87260510431696,170.98356190476167,2253.561238205503,0.012972968271729514,319.6509328295292,317.8205761407412,False,True
100mv0_converted.csv,100.0,58.0,76.55211152372063,171.28,75.7847730047288,170.98356536796513,2256.17308845533,0.012957950688950446,319.6039449712303,317.82861937487246,False,True
100mv0_converted.csv,100.0,59.0,75.42940762952522,171.0667,76.16247448456106,171.06575627705604,2246.06352977322,0.013028791297633421,319.7861960960039,317.8366403564879,False,True
100mv0_converted.csv,100.0,60.0,75.80012073793112,170.64000000000001,76.19584075157906,171.15996277056252,2246.316348533964,0.013041677266311981,319.7816270654052,317.84490629679425,False,True
100mv0_converted.csv,100.0,61.0,76.36147268502891,171.28,76.03004032420627,171.00203722943698,2249.13779474866,0.013001291786075515,319.7306680340088,317.8522650488759,False,True
100mv0_converted.csv,100.0,62.0,76.92274519927712,171.0667,75.95769591093607,170.88751731601707,2249.7722616071796,0.012980222075264846,319.719218159807,317.8584479180963,False,True
100mv0_converted.csv,100.0,63.0,75.42940762952522,171.0667,76.23673697763327,170.8477930735928,2241.016599696771,0.01302487826376061,319.8775629934925,317.86441654901625,False,True
100mv0_converted.csv,100.0,64.0,75.60948189923943,170.2133,76.17176125064432,170.937366233766,2244.1041591685666,0.013020600249572375,319.8216385949471,317.87034307570264,False,True
100mv0_converted.csv,100.0,65.0,76.36147268502891,170.85330000000002,75.92871151751376,170.71385757575734,2248.343928981073,0.01296208324391161,319.74499725203634,317.87517768038214,False,True
100mv0_converted.csv,100.0,66.0,76.73210636058542,170.85330000000002,75.83734792284379,170.52914415584394,2248.6169259154303,0.01293247803633152,319.74006866941244,317.87875491885416,False,True
100mv0_converted.csv,100.0,67.0,75.42940762952522,170.85330000000002,76.22435783226368,170.37122164502142,2235.128330237083,0.012986436962990018,319.98448302039816,317.8823234400151,False,True
100mv0_converted.csv,100.0,68.0,75.60948189923943,169.57330000000002,76.25002736564812,170.43338831168805,2235.1911756620702,0.012995550522786347,319.98334035222604,317.8862617857509,False,True
100mv0_converted.csv,100.0,69.0,76.55211152372063,170.0,76.01683108836662,170.0841320346318,2237.453595466451,0.01292925673568805,319.9422187255626,317.8893117171176,False,True
100mv0_converted.csv,100.0,70.0,76.92274519927712,170.2133,75.90597893636824,169.74930649350625,2236.3100887718815,0.012884987283159201,319.9629962202155,317.89100828174054,False,True
100mv0_converted.csv,100.0,71.0,75.42940762952522,170.2133,76.21045708360907,169.60991731601706,2225.546516929313,0.0129260493245668,320.15922014916345,317.8925562512317,False,True
100mv0_converted.csv,100.0,72.0,75.42940762952522,168.7067,76.2314534896165,169.7881675324673,2227.2718118328175,0.012943198796338495,320.1276896283478,317.8945787126173,False,True
100mv0_converted.csv,100.0,73.0,76.36147268502891,169.36,75.93911584533176,169.53986450216425,2232.576223924873,0.0128747074108317,320.0309334325013,317.8959145754879,False,True
100mv0_converted.csv,100.0,74.0,76.92274519927712,170.0,75.84092136947379,169.24006709956686,2231.513858792419,0.012835322621462716,320.0502885411765,317.8960539117562,False,True
100mv0_converted.csv,100.0,75.0,75.60948189923943,169.7867,76.17360230465287,169.18338961038938,2221.0238782425977,0.01288730823673494,320.2420207933548,317.8963234210694,False,True
100mv0_converted.csv,100.0,76.0,75.23876879083342,168.28,76.18657461740477,169.43474805194782,2223.944952280878,0.0129086530752409,320.1885180180442,317.8973165712233,False,True
100mv0_converted.csv,100.0,77.0,76.36147268502891,168.9333,76.09418166241086,169.35886584415576,2225.648034372856,0.012887224303685057,320.15736440040786,317.8982287478185,False,True
100mv0_converted.csv,100.0,78.0,76.73210636058542,169.7867,75.92327071119131,169.2094492207791,2228.6901978241194,0.01284693482008079,320.10178939036433,317.89844057496515,False,True
100mv0_converted.csv,100.0,79.0,75.42940762952522,169.57330000000002,75.6738417637462,168.98649818181804,2233.0899851681115,0.012787857523620482,320.02157853721764,317.8976205843059,False,True
100mv0_converted.csv,100.0,80.0,75.23876879083342,168.28,75.34589482007551,168.69001272727255,2238.874634511952,0.012710099956146277,319.9164169835396,317.8954640011986,False,True
150mv0_converted.csv,150.0,-50.0,-0.3706861012371707,-3.2133339999999997,-0.31041361527181077,-3.1318791818181797,,9.72177939422702e-07,,314.4,False,True
150mv0_converted.csv,150.0,-49.0,0.38127767738347984,-3.0,-0.24917818653601415,-3.11830371212121,,7.770132640548842e-07,,314.40001781429027,False,True
150mv0_converted.csv,150.0,-48.0,-1.4933375697519704,-2.7866669999999996,-0.20286647948367484,-3.1014958766233747,,6.291895496237179e-07,,314.40003080122233,False,True
150mv0_converted.csv,150.0,-47.0,0.7519645729491398,-3.853337,-0.17147849411479285,-3.0814556753246736,,5.28403378886157e-07,,314.40004028521656,False,True
150mv0_converted.csv,150.0,-46.0,-0.5613249399289106,-2.7866669999999996,-0.15501423042936785,-3.0581831082251036,,4.740619010336066e-07,,314.4000474822278,False,True
150mv0_converted.csv,150.0,-45.0,0.5613257342573998,-2.7866669999999996,-0.24868298702244526,-3.0646480519480472,,7.621258317309584e-07,,314.40005656881334,False,True
150mv0_converted.csv,150.0,-44.0,-1.3026987310602305,-2.573334000000001,0.13584999295505956,-3.029554095238091,-22300.730602468968,-4.1156490249506647e-07,,314.4000557480338,False,True
150mv0_converted.csv,150.0,-43.0,0.7519645729491398,-3.853337,-0.31539285002914835,-2.7524971471861437,,8.681179199481381e-07,,314.4000563947469,False,True
150mv0_converted.csv,150.0,-42.0,-0.5613249399289106,-2.573334000000001,-0.14410222698246367,-3.0129308354978313,,4.341700431393723e-07,,314.4000653917318,False,True
150mv0_converted.csv,150.0,-41.0,0.5613257342573998,-2.7866669999999996,-0.28650817750009694,-2.96952539393939,,8.50793308657832e-07,,314.40007365021046,False,True
150mv0_converted.csv,150.0,-40.0,-1.4933375697519704,-2.573334000000001,0.10201366227817069,-2.983378012987009,-29244.88687458292,-3.0434531706497664e-07,,314.4000735492349,False,True
150mv0_converted.csv,150.0,-39.0,0.7519645729491398,-3.853337,-0.31539285002914835,-2.7746615497835463,,8.751084140525263e-07,,314.40007401302915,False,True
150mv0_converted.csv,150.0,-38.0,-0.3706861012371707,-2.360000000000001,-0.11026589630557482,-3.1135944372294326,,3.433232813531552e-07,,314.4000808210303,False,True
150mv0_converted.csv,150.0,-37.0,0.5613257342573998,-3.2133339999999997,-0.2650509921928016,-3.059106805194801,,8.108192939406334e-07,,314.4000865953256,False,True
150mv0_converted.csv,150.0,-36.0,-1.4933375697519704,-2.7866669999999996,0.11934446579560157,-3.1145178441558397,-26096.876997128635,-3.717004683216473e-07,,314.4000844256238,False,True
150mv0_converted.csv,150.0,-35.0,0.7519645729491398,-3.853337,-0.34840390434806434,-2.9390483982683944,,1.0239759370246333e-06,,314.40008493404974,False,True
150mv0_converted.csv,150.0,-34.0,-0.5613249399289106,-2.360000000000001,-0.17628800494340668,-3.2318049004328957,,5.697284382636402e-07,,314.400094761053,False,True
150mv0_converted.csv,150.0,-33.0,0.5613257342573998,-3.426667,-0.3096159155233381,-3.0711119610389566,,9.508651414917507e-07,,314.40010321634793,False,True
150mv0_converted.csv,150.0,-32.0,-1.4933375697519704,-2.7866669999999996,0.08715868783465852,-3.082193961038957,-35363.01472190506,-2.686399812960641e-07,,314.40010227519986,False,True
150mv0_converted.csv,150.0,-31.0,0.7519645729491398,-3.640001,-0.35995777335968493,-2.9039539826839786,,1.0453008095459138e-06,,314.40010270330833,False,True
150mv0_converted.csv,150.0,-30.0,-0.5613249399289106,-2.360000000000001,-0.1589572014259758,-3.17206403463203,,5.04222421689097e-07,,314.4001107361173,False,True
150mv0_converted.csv,150.0,-29.0,0.5613257342573998,-3.2133339999999997,-0.3096159155233381,-2.9567103593073547,,9.154445848342846e-07,,314.40011696845517,False,True
150mv0_converted.csv,150.0,-28.0,-1.4933375697519704,-2.7866669999999996,0.06982788431722764,-2.895238484848481,-41462.49758471029,-2.0216837799078514e-07,,314.40011532655654,False,True
150mv0_converted.csv,150.0,-27.0,0.7519645729491398,-3.426667,-0.36573470786549517,-2.6542571212121175,,9.70753952826424e-07,,314.4001146752219,False,True
150mv0_converted.csv,150.0,-26.0,-0.5613249399289106,-1.92,-0.1152175544534122,-2.8140262943722902,,3.242252278051731e-07,,314.4001192004653,False,True
150mv0_converted.csv,150.0,-25.0,0.5613257342573998,-2.573334000000001,-0.21649720906150222,-2.531832874458871,,5.481347511305063e-07,,314.40011919143,False,True
150mv0_converted.csv,150.0,-24.0,-1.3026987310602305,-2.360000000000001,0.13580410415090466,-2.2949497445887417,-16898.971934151625,-3.1166359413522154e-07,,314.4001125540585,False,True
150mv0_converted.csv,150.0,-23.0,0.9426034116408797,-2.7866669999999996,-0.291964199855458,-1.91647934199134,,5.595433576240163e-07,,314.4001067598857,False,True
150mv0_converted.csv,150.0,-22.0,-0.5613249399289106,-1.0666670000000007,-0.06748908894390368,-1.9393941385281361,,1.3088794351241084e-07,,314.4001057415337,False,True
150mv0_converted.csv,150.0,-21.0,0.38127767738347984,-1.2800000000000002,-0.1814688423358544,-1.486349367965366,,2.6972609911130384e-07,,314.4001019188167,False,True
150mv0_converted.csv,150.0,-20.0,-1.1226506741863105,-1.0666670000000007,0.12599248293590365,-0.9563639004328994,-7590.642537931663,-1.2049466240580632e-07,,314.4000957487297,False,True
150mv0_converted.csv,150.0,-19.0,0.9426034116408797,-1.2800000000000002,-0.25601872758375555,-0.29950964935064944,,7.668007932581006e-08,,314.4000881500952,False,True
150mv0_converted.csv,150.0,-18.0,-0.3706861012371707,0.8666659999999995,0.11411772584439424,0.05887413549783515,515.9070167426335,6.71858245406767e-09,338.0230818905426,314.4000823831752,False,True
150mv0_converted.csv,150.0,-17.0,0.5613257342573998,1.2933329999999996,0.13626267239786374,0.9749491116883099,7154.924342314563,1.3284917141057245e-07,,314.40007764742165,False,True
150mv0_converted.csv,150.0,-16.0,-0.5613249399289106,1.9333329999999993,0.5424818896971689,2.072784659307356,3820.928769556624,1.1244481389163568e-06,299.59578106046956,314.40008478112793,False,True
150mv0_converted.csv,150.0,-15.0,1.6839764084437094,2.5733329999999994,0.3524390380819443,3.41131273506493,9679.156865340718,1.2022797789429705e-06,,314.4001021662321,False,True
150mv0_converted.csv,150.0,-14.0,0.38127767738347984,5.3599996999999995,0.9906987984577954,4.6525249623376554,4696.205314450936,4.609250889982815e-06,292.44171166006,314.40015423075874,False,True
150mv0_converted.csv,150.0,-13.0,1.6839764084437094,6.653333,1.3866937735563691,6.584473163636354,4748.325325460686,9.130647938163539e-06,292.06867971537633,314.4002834018803,False,True
150mv0_converted.csv,150.0,-12.0,1.1226514685147997,8.786666,2.282255738185202,8.81720015281384,3863.3707893862397,2.012310564348682e-05,299.2036075897471,314.400561973682,False,True
150mv0_converted.csv,150.0,-11.0,4.11991738983657,10.933333,2.6402415274421105,11.47549650562769,4346.381339113795,3.0298082422175056e-05,295.0855285499351,314.4010354421852,False,True
150mv0_converted.csv,150.0,-10.0,3.3679504339019397,14.799999,3.951742718032201,14.213042828138509,3596.6518678665384,5.616628849717615e-05,301.7620376787458,314.40184310251686,False,True
150mv0_converted.csv,150.0,-9.0,5.433204519729149,17.586663,5.019191653842632,17.790704930735906,3544.535884999641,8.929495770432661e-05,302.28955021655634,314.40319289134663,False,True
150mv0_converted.csv,150.0,-8.0,5.242565681037349,21.866663,6.663646361515558,21.70418296103893,3257.1030609287322,0.00014462899981799502,305.383409314642,314.40534667135915,False,True
150mv0_converted.csv,150.0,-7.0,9.362485453859449,25.733333000000002,7.795834527619973,26.290734012986977,3372.4079083311944,0.00020495821197491666,304.102894116067,314.40851931175774,False,True
150mv0_converted.csv,150.0,-6.0,9.362485453859449,31.733333000000002,9.956134488066882,31.11820907792204,3125.5312104531504,0.00030981707460757553,306.91552346525197,314.4131447766009,False,True
150mv0_converted.csv,150.0,-5.0,12.539799432055148,36.453333,11.985306322381986,36.80790693939389,3071.086040634346,0.0004411540397543653,307.57327072196506,314.41983597654007,False,True
150mv0_converted.csv,150.0,-4.0,13.101127549298049,43.306663,14.699640813939117,42.88854118181812,2917.659126823597,0.0006304461504065623,309.5081211776686,314.42930336245024,False,True
150mv0_converted.csv,150.0,-3.0,18.34369561332085,49.093333,16.879884093374155,49.819796203463135,2951.429993705872,0.0008409523854699795,309.07147858284117,314.4421414027136,False,True
150mv0_converted.csv,150.0,-2.0,19.656982743213447,57.453333,20.068889074002936,56.997978887445804,2840.116295290131,0.0011438861157345112,310.53511513096987,314.4592658852961,False,True
150mv0_converted.csv,150.0,-1.0,23.77690251603555,64.746663,23.15257991963352,65.04109663636355,2809.237539061827,0.001505869187934014,310.9539045319149,314.4818959769725,False,True
150mv0_converted.csv,150.0,5.546246e-13,25.27024008578745,73.960003,26.891723370459545,73.33235594372285,2726.948917832397,0.0019720334301426695,312.0987045399624,314.51128972371436,False,True
150mv0_converted.csv,150.0,1.0,31.264767162460046,81.680003,30.040656816821357,82.42060174458862,2743.635142439261,0.0024759690116450944,311.86309328128885,314.54837907173373,False,True
150mv0_converted.csv,150.0,2.0,33.88076096669775,91.973333,34.092304055536914,91.56605780519467,2685.8277943324715,0.0031216978838615656,312.6871394174513,314.5944322852066,False,True
150mv0_converted.csv,150.0,3.0,38.562000913477746,100.973333,38.003058154388,101.39399568398252,2668.048325797042,0.0038532819144841534,312.9450725159935,314.65109177638135,False,True
150mv0_converted.csv,150.0,4.0,40.987347935738846,111.906633,42.46326330261667,111.30337243722927,2621.1686003503773,0.004726304410271272,313.6356429808001,314.7198879844614,False,True
150mv0_converted.csv,150.0,5.0,47.35256429096255,121.12003299999999,46.24949454659957,121.77812620346303,2633.069342644667,0.005632176783742177,313.4588764633605,314.8016742690112,False,True
150mv0_converted.csv,150.0,6.0,50.54047461127555,132.493333,50.75880494481519,131.99221828138508,2600.3807304936868,0.006699767261978294,313.9468444851053,314.8974783007535,False,True
150mv0_converted.csv,150.0,7.0,55.59240383660665,142.133333,55.10549157629242,142.53686633333314,2586.6181800772756,0.007854564087042607,314.15459865402227,315.00877815920944,False,True
150mv0_converted.csv,150.0,8.0,58.39903647953615,153.280033,59.748225228577866,152.77859447186125,2557.0398767056017,0.009128249872610327,314.6058341330984,315.1365183657109,False,True
150mv0_converted.csv,150.0,9.0,64.76425283475984,162.493333,63.623582124067006,163.1407135194803,2564.154800359296,0.010379596584385543,314.49669481019623,315.2804324709933,False,True
150mv0_converted.csv,150.0,10.0,67.94156681295554,173.426633,68.09606955085272,172.85354858441534,2538.3777613674447,0.011770647266516046,314.8939245984209,315.4405264614751,False,True
150mv0_converted.csv,150.0,11.0,72.43216792104374,182.226633,72.20095220386173,182.52857325974,2528.0632413872418,0.013178736793765562,315.0542965912289,315.6171697847229,False,True
150mv0_converted.csv,150.0,12.0,75.23876879083345,191.866633,76.52893009539582,191.51083949350624,2502.4633070759214,0.014656119648109108,315.4559037964014,315.81000923613436,False,True
150mv0_converted.csv,150.0,13.0,81.23332764064575,199.586633,79.90517914041784,200.25664035930708,2506.17847946245,0.016001542721968662,315.39729989502706,316.01716486445986,False,True
150mv0_converted.csv,150.0,14.0,83.47865599618724,208.586633,83.76320451027266,207.89497715584386,2481.936768910838,0.01741394948816341,315.78166746339497,316.2369270989791,False,True
150mv0_converted.csv,150.0,15.0,87.59852016601465,215.026633,87.16979872627178,215.2544741255408,2469.3698651464947,0.01876368918445287,315.9827841117694,316.4683777290217,True,True
150mv0_converted.csv,150.0,16.0,89.09185773576665,222.093333,90.65109362270259,221.65483776190445,2445.1424566861856,0.020093253449879354,316.3741647368574,316.70980123519354,True,True
150mv0_converted.csv,150.0,17.0,94.52506463848096,226.600033,93.13154458809112,227.60670486147154,2443.927091171384,0.021197363982354632,316.39392606723715,316.95791761313546,True,True
150mv0_converted.csv,150.0,18.0,95.82776336954196,233.240033,96.07736957947094,232.35776027272695,2418.4442318701376,0.022324322408380896,316.8111412437367,317.2101916199978,True,True
150mv0_converted.csv,150.0,19.0,99.01572134956395,236.453333,98.49320243762568,236.7742044285711,2403.9649292398303,0.023320649648791016,317.05066992525406,317.46519195769594,True,True
150mv0_converted.csv,150.0,20.0,99.38635502512095,240.746633,101.06513356796977,240.1711438225105,2376.3996082881263,0.0242729287295941,317.51172502789143,317.7209441438085,True,True
150mv0_converted.csv,150.0,21.0,103.87701173620395,242.253333,102.50474564681771,243.24605810822476,2373.0224056780185,0.02493387531597462,317.56867392057444,317.9739384897198,True,True
150mv0_converted.csv,150.0,22.0,104.25828941358695,245.89333299999998,104.46477218289112,245.1230472857139,2346.4661068380647,0.025606723291478152,318.0200504303329,318.22157196150215,True,True
150mv0_converted.csv,150.0,23.0,106.50353833627895,246.320033,105.88648814391651,246.80143473160138,2330.8114100087932,0.02613293719260929,318.2891442637858,318.46285129468805,True,True
150mv0_converted.csv,150.0,24.0,105.75162698333895,248.466633,107.52182482701207,247.58667152813814,2302.664337463313,0.026620970725551443,318.77871424306096,318.6963822596512,True,True
150mv0_converted.csv,150.0,25.0,109.49021347578295,247.386633,108.0974984137069,248.37477672294335,2297.6921794468567,0.026848692032813173,318.8659740009788,318.9196719490071,True,True
150mv0_converted.csv,150.0,26.0,108.92894096153495,248.680033,109.24203086757075,248.20911568398233,2272.1027219356183,0.027114867877162035,319.3188209489645,319.1312649348033,True,True
150mv0_converted.csv,150.0,27.0,110.61291736997795,247.600033,109.9462701316923,248.1143459870126,2256.6872499614974,0.02727924690743625,319.5947029216515,319.3313734612413,True,True
150mv0_converted.csv,150.0,28.0,109.31021863891795,248.466633,110.98088677835891,247.37489793506458,2228.986495927894,0.02745388553953949,320.09638029006925,319.5199397163547,True,True
150mv0_converted.csv,150.0,29.0,112.29689377842195,245.89333299999998,111.01358388379664,246.95406157142818,2224.539132345525,0.027415255429704022,320.1776458982099,319.695728864106,True,True
150mv0_converted.csv,150.0,30.0,111.36482872291795,246.320033,111.69016297918549,245.82055074891738,2200.9149614610947,0.027455737376779716,320.6127062103204,319.8583692008878,True,True
150mv0_converted.csv,150.0,31.0,112.67817145580595,244.386633,111.97515910253595,244.8902130865797,2187.0048236531916,0.02742162057302369,320.87156786411833,320.008872111103,True,True
150mv0_converted.csv,150.0,32.0,110.99419504736196,244.600033,112.64207661882898,243.57241828138493,2162.3573143596495,0.02743650300228522,321.3352236171771,320.1479027653915,True,True
150mv0_converted.csv,150.0,33.0,113.61015707845995,241.813333,112.37078661645891,242.86545421212085,2161.286411930736,0.027290982131779603,321.35551382415895,320.27515723724173,True,True
150mv0_converted.csv,150.0,34.0,112.48753261711394,242.026633,112.72941699125383,241.60749750216416,2143.2515482707536,0.02723627233413478,321.69905685662496,320.390841833556,True,True
150mv0_converted.csv,150.0,35.0,113.41951823976795,240.320033,112.72903461320777,240.77950399567064,2135.913829314919,0.02714284104007895,321.83982473767963,320.4963380090192,True,True
150mv0_converted.csv,150.0,36.0,111.55546756160994,240.746633,113.24477972557293,239.71445421212087,2116.7814957389032,0.027146410564287564,322.20958300930323,320.5930219182071,False,True
150mv0_converted.csv,150.0,37.0,113.99143475584295,238.17333299999999,112.83360469279602,239.21477845454513,2120.066793096242,0.02699146574881492,322.14580960440713,320.68089295648304,False,True
150mv0_converted.csv,150.0,38.0,112.85816629266995,238.813333,113.13740164317629,238.22700919047585,2105.6432773824813,0.026952384821035517,322.4266593302223,320.7602131329548,False,True
150mv0_converted.csv,150.0,39.0,113.99143475584295,237.320033,113.08105589983562,237.76645637662304,2102.6197048180256,0.026886881944630736,322.4858174684191,320.832516850063,False,True
150mv0_converted.csv,150.0,40.0,111.73554183132394,237.746633,113.55669877077617,237.10643559740228,2088.000427663204,0.026925024083746647,322.7732412380119,320.8991349334366,False,True
150mv0_converted.csv,150.0,41.0,114.36214786424895,236.026633,113.06781399680698,236.95179750216417,2095.660905842362,0.026791621766183767,322.6223446963341,320.9597646516012,False,True
150mv0_converted.csv,150.0,42.0,112.85816629266995,237.320033,113.29174998562179,236.37056460173127,2086.3881494612788,0.026778834908819604,322.8050795426548,321.01437419389487,False,True
150mv0_converted.csv,150.0,43.0,114.17150902555795,235.813333,113.19229765104824,236.3737377619044,2088.249312604314,0.026755686481636305,322.7683281906153,321.0645220083789,False,True
150mv0_converted.csv,150.0,44.0,111.73554183132394,236.453333,113.68164182885693,236.1786520476187,2077.5443444349266,0.02684917692969961,322.9802227740162,321.11164332348073,False,True
150mv0_converted.csv,150.0,45.0,114.55278670294095,235.600033,113.14140801602943,236.2827152510819,2088.384079660793,0.02673335909335796,322.76566785715744,321.1549767100284,False,True
150mv0_converted.csv,150.0,46.0,113.04880513136195,237.106633,113.38949778065115,236.00363126839792,2081.353528215994,0.02676033322393362,322.9046832803953,321.19417436240616,False,True
150mv0_converted.csv,150.0,47.0,114.17150902555795,235.813333,113.27728976836968,236.39262001298667,2086.849186596574,0.026777915316315196,322.7959730278713,321.230886719458,False,True
150mv0_converted.csv,150.0,48.0,111.73554183132394,236.453333,113.81119783791341,236.50095680952347,2078.0113143729604,0.02691645718430449,322.970954446149,321.26645524615657,False,True
150mv0_converted.csv,150.0,49.0,114.73278153980596,236.240033,113.24102368654881,236.7699321341988,2090.849450368605,0.02681206949307136,322.7170464071223,321.2996735153812,False,True
150mv0_converted.csv,150.0,50.0,113.23944397005396,237.960033,113.50268340155166,236.7048992337659,2085.4564151258646,0.02686664123732632,322.82349270659256,321.3299145269302,False,True
150mv0_converted.csv,150.0,51.0,114.36214786424895,236.666633,113.44403410557683,237.2695139523806,2091.5116059039774,0.0269168108330275,322.70399918591187,321.3589561786533,False,True
150mv0_converted.csv,150.0,52.0,111.73554183132394,237.320033,113.95649358644197,237.52508754545423,2084.348860429608,0.027067526115492617,322.84539188691275,321.38788285703345,False,True
150mv0_converted.csv,150.0,53.0,114.92342037849795,237.320033,113.35340982097752,237.81119057575725,2097.962389939038,0.026956709345348398,322.57713335401144,321.4150133125868,False,True
150mv0_converted.csv,150.0,54.0,113.41951823976795,239.026633,113.6138732291264,237.7067758571425,2092.2337131994127,0.02700678749793775,322.6897756059502,321.4395117435256,False,True
150mv0_converted.csv,150.0,55.0,114.36214786424895,237.746633,113.58928893415276,238.2344555108222,2097.3320437715365,0.027060882401089344,322.5895093289156,321.4632366309314,False,True
150mv0_converted.csv,150.0,56.0,111.92618067001595,238.17333299999999,114.10656080778018,238.43232131168796,2089.558388437826,0.027206692170292306,322.7424998242664,321.4872339537389,False,True
150mv0_converted.csv,150.0,57.0,115.11405921718895,237.960033,113.49636763035699,238.68254382251047,2102.997204279424,0.02708960174062844,322.4784247964422,321.50969038838844,False,True
150mv0_converted.csv,150.0,58.0,113.61015707845995,239.89333299999998,113.75513062534338,238.54032910389577,2096.9632560094096,0.027135186296626063,322.59675373430275,321.5297556098614,False,True
150mv0_converted.csv,150.0,59.0,114.36214786424895,238.600033,113.72215842778641,238.98164641991306,2101.451904570264,0.02717750865549859,322.50869257963296,321.54921276322125,False,True
150mv0_converted.csv,150.0,60.0,112.11681950870795,239.026633,114.16529056819995,239.10596460173124,2094.384058514653,0.027297601925346377,322.6474519809977,321.56887808558656,False,True
150mv0_converted.csv,150.0,61.0,115.11405921718895,238.386633,113.5634000148031,239.21527499134163,2106.446927092353,0.02716609996349285,322.41095066360964,321.58691950006374,False,True
150mv0_converted.csv,150.0,62.0,113.61015707845995,240.106633,113.78883388020758,238.86138927705593,2099.1636976306468,0.02717975894484251,322.5535569851669,321.60242576145185,False,True
150mv0_converted.csv,150.0,63.0,114.36214786424895,238.813333,113.74362180266648,239.17093559740223,2102.7195354508694,0.02720416844478082,322.4838624586844,321.61715927068514,False,True
150mv0_converted.csv,150.0,64.0,112.29689377842195,239.026633,114.1320570331296,239.1142598398265,2095.0665926437982,0.02729060234147365,322.6340279025888,321.63192698590365,False,True
150mv0_converted.csv,150.0,65.0,114.92342037849795,238.386633,113.56835786252377,239.15339187445852,2105.810072238232,0.027160257992434888,322.4233990210055,321.6451110696942,False,True
150mv0_converted.csv,150.0,66.0,113.61015707845995,240.106633,113.80685688427043,238.79395940692606,2098.2387700044674,0.027176389963052314,322.5717075330042,321.6561613371465,False,True
150mv0_converted.csv,150.0,67.0,114.36214786424895,238.386633,113.76691454014014,239.05548797835462,2101.274249588699,0.027196605271184966,322.5121737994118,321.66675446192045,False,True
150mv0_converted.csv,150.0,68.0,112.48753261711394,239.026633,114.13549327756522,238.93602477489142,2093.4419076266204,0.027271081049462777,322.66598970771,321.6775264129693,False,True
150mv0_converted.csv,150.0,69.0,114.92342037849795,238.386633,113.64180745838337,238.93545810822476,2102.5313082575267,0.027153057325315505,322.48754856168534,321.6870211911586,False,True
150mv0_converted.csv,150.0,70.0,113.61015707845995,239.680033,113.88855924370986,238.53754945021612,2094.482106317371,0.02716669783241031,322.64552357722226,321.69475701138236,False,True
150mv0_converted.csv,150.0,71.0,114.36214786424895,237.960033,113.81147946347073,238.73704338961005,2097.653457410997,0.027171016110906325,322.5831982364329,321.70209483794144,False,True
150mv0_converted.csv,150.0,72.0,112.67817145580595,238.813333,114.13466800120725,238.53578711255378,2089.9503305168478,0.027225202868497972,322.7347718865766,321.7094858807607,False,True
150mv0_converted.csv,150.0,73.0,114.92342037849795,237.960033,113.624476654866,238.59530226406892,2099.8583165210207,0.027110266352064392,322.53993100990107,321.71568085669895,False,True
150mv0_converted.csv,150.0,74.0,113.41951823976795,239.240033,113.88360758556196,238.32821698268364,2092.7350479622373,0.02714167713942261,322.67990326250816,321.7205789189118,False,True
150mv0_converted.csv,150.0,75.0,114.36214786424895,237.960033,113.81065418711259,238.5455282380949,2095.9859157466008,0.027149022622187918,322.6159563278104,321.7255018848108,False,True
150mv0_converted.csv,150.0,76.0,112.67817145580595,238.813333,114.12971634305916,238.32017845454513,2088.1518511636837,0.02719941436584447,322.7702521024238,321.73065036442927,False,True
150mv0_converted.csv,150.0,77.0,115.11405921718895,237.746633,114.0553158912892,238.30881330303023,2089.4143463700734,0.027180386980955373,322.745341518283,321.7357235773507,False,True
150mv0_converted.csv,150.0,78.0,113.41951823976795,238.813333,113.86317807563931,238.3316178484848,2093.1403977689884,0.02713719544413724,322.6719234404502,321.73977869659944,False,True
150mv0_converted.csv,150.0,79.0,114.36214786424895,237.746633,113.55330289610956,238.38859209090904,2099.354100769855,0.027069812004676102,322.5498213454443,321.7423988535008,False,True
150mv0_converted.csv,150.0,80.0,112.67817145580595,238.813333,113.12569035269996,238.479736030303,2108.095299014555,0.02697818477355768,322.3787567358125,321.74319761482974,False,True
200mv0_converted.csv,200.0,-50.0,-0.38127767738347984,2.346667,-0.28063055721542013,2.1113538303030284,,-5.925104018768504e-07,,314.4,False,True
200mv0_converted.csv,200.0,-49.0,0.3706868955656599,1.706667,-0.08498499862496939,1.9891720242424227,,-1.6904978174506987e-07,,314.3999922888734,False,True
200mv0_converted.csv,200.0,-48.0,-1.1226506741863105,1.92,0.06545374012236505,1.8988517008657995,29010.591255991138,1.2428694575938088e-07,,314.39999244925593,False,True
200mv0_converted.csv,200.0,-47.0,1.6839764084437094,1.493334,0.17068565902658311,1.840392860173159,10782.352018727774,3.141286682064738e-07,,314.39999751188293,False,True
200mv0_converted.csv,200.0,-46.0,-0.38127767738347984,2.133334,0.23071075808768515,1.8137955021644994,7861.772538041501,4.184621353204052e-07,,314.40000518397665,False,True
200mv0_converted.csv,200.0,-45.0,0.5613257342573998,1.92,0.15235528284756708,1.8886007748917721,12396.030774865452,2.877383052447703e-07,,314.4000119806358,False,True
200mv0_converted.csv,200.0,-44.0,-1.1226506741863105,2.133334,0.4050273944469377,1.875671627705625,4630.974727689327,7.596983922076557e-07,292.9158521006491,314.4000218278967,False,True
200mv0_converted.csv,200.0,-43.0,1.4933375697519695,1.493334,-0.14327697813370133,2.0566816406926374,,-2.9467513046150395e-07,,314.4000247947116,False,True
200mv0_converted.csv,200.0,-42.0,-0.38127767738347984,2.133334,0.1861458347571486,1.9781823722943697,10627.056871163222,3.682304089926119e-07,,314.4000237739515,False,True
200mv0_converted.csv,200.0,-41.0,0.5613257342573998,2.133334,0.05428491823789381,2.059452194805192,37937.83359459097,1.1179719400985079e-07,,314.4000268535937,False,True
200mv0_converted.csv,200.0,-40.0,-1.1226506741863105,2.56,0.3598206055516848,2.142280238095235,5953.745297078371,7.70836572532835e-07,,314.4000339298311,False,True
200mv0_converted.csv,200.0,-39.0,1.3026987310602296,1.706667,-0.14423975584886686,2.4324388398268364,,-3.508543843739238e-07,,314.4000355211213,False,True
200mv0_converted.csv,200.0,-38.0,-0.38127767738347984,2.56,0.18367006757895696,2.33939404329004,12736.936802641345,4.29676662024891e-07,,314.40003376554483,False,True
200mv0_converted.csv,200.0,-37.0,0.7413737911313198,2.56,0.06808544051747575,2.3773738874458843,34917.507610686225,1.6186454840149685e-07,,314.4000372319881,False,True
200mv0_converted.csv,200.0,-36.0,-1.1226506741863105,2.786667,0.3903558926924091,2.345570164502161,6008.7991712486155,9.15607135436922e-07,,314.40004552991115,False,True
200mv0_converted.csv,200.0,-35.0,1.3026987310602296,1.706667,-0.09651122844363139,2.6233768744588706,,-2.531853248246397e-07,,314.4000487180144,False,True
200mv0_converted.csv,200.0,-34.0,-0.38127767738347984,2.786667,0.19458207102586114,2.4881965800865764,12787.388719672328,4.84158443672711e-07,,314.4000475192005,False,True
200mv0_converted.csv,200.0,-33.0,0.7413737911313198,2.56,0.0517174353471194,2.5539974242424206,49383.682835399435,1.3208619666496687e-07,,314.4000501953821,False,True
200mv0_converted.csv,200.0,-32.0,-1.1226506741863105,3.213334,0.40768669620983994,2.5580953939393902,6274.659972281058,1.042901459744759e-06,,314.40005853687063,False,True
200mv0_converted.csv,200.0,-31.0,1.3026987310602296,1.92,-0.09169716449657742,2.841212307359303,,-2.6053111231762627e-07,,314.40006195542855,False,True
200mv0_converted.csv,200.0,-30.0,-0.38127767738347984,3.0,0.15148433775913508,2.643982878787875,17453.836600532868,4.005219954396728e-07,,314.40005882622177,False,True
200mv0_converted.csv,200.0,-29.0,0.7413737911313198,2.56,-0.023245077763812717,2.685137251082247,,-6.241622420791714e-08,,314.4000578033192,False,True
200mv0_converted.csv,200.0,-28.0,-1.3132895128780504,3.213334,0.3169064206242759,2.555324744588741,8063.341662674398,8.097988183402599e-07,,314.40006120818236,False,True
200mv0_converted.csv,200.0,-27.0,1.1226514685148095,1.92,-0.18224818518719954,2.818124320346316,,-5.135980430150263e-07,,314.4000594653572,False,True
200mv0_converted.csv,200.0,-26.0,-0.38127767738347984,3.0,0.07720958933302892,2.5617896450216415,33179.68230567641,1.9779472644972687e-07,,314.4000518808069,False,True
200mv0_converted.csv,200.0,-25.0,0.7413737911313198,2.346667,-0.06519653655582884,2.614026251082247,,-1.7042545803657992e-07,,314.400048221892,False,True
200mv0_converted.csv,200.0,-24.0,-1.3132895128780504,3.213334,0.3233252688359237,2.442655367965364,7554.7926605295015,7.897722035209135e-07,,314.4000510508398,False,True
200mv0_converted.csv,200.0,-23.0,1.1226514685148095,1.706667,-0.165880252228525,2.6528142424242382,,-4.400494956487561e-07,,314.4000506277362,False,True
200mv0_converted.csv,200.0,-22.0,-0.38127767738347984,3.0,0.05987878581559809,2.4167970562770527,40361.490690873194,1.4471487329258162e-07,,314.4000438976957,False,True
200mv0_converted.csv,200.0,-21.0,0.7413737911313198,2.133334,-0.07097347106164002,2.555555999999996,,-1.8137667981240026e-07,,314.400040189763,False,True
200mv0_converted.csv,200.0,-20.0,-1.3132895128780504,3.213334,0.3497341122910571,2.4979513926406893,7142.42993420623,8.736188128514012e-07,,314.40004437686736,False,True
200mv0_converted.csv,200.0,-19.0,1.1226514685148095,2.133334,-0.1112744184015286,2.966003391774888,,-3.3004030239671184e-07,,314.4000464346992,False,True
200mv0_converted.csv,200.0,-18.0,-0.19063883869173992,3.64,0.1740878078570974,3.0391924264069226,17457.813179551835,5.29086347169074e-07,,314.4000450975589,False,True
200mv0_converted.csv,200.0,-17.0,0.9320126298230695,3.213334,0.08353657740873287,3.6884274826839776,44153.44268459808,3.0811860792372777e-07,,314.40005022623683,False,True
200mv0_converted.csv,200.0,-16.0,-1.1226506741863105,4.9200003,0.5679279244892768,4.241962846320341,7469.1922397283615,2.409129155071336e-06,,314.40007445268196,False,True
200mv0_converted.csv,200.0,-15.0,1.4933375697519695,4.4933337,0.23396574776442464,5.3613857077922,22915.259002742874,1.254380616177101e-06,,314.4001060827593,False,True
200mv0_converted.csv,200.0,-14.0,0.18004805687392,7.066667,0.6226252195686418,6.306493919913411,10128.87644397473,3.926582161594392e-06,,314.400151325151,False,True
200mv0_converted.csv,200.0,-13.0,1.6839764084437094,7.493334,0.801481322921438,7.945512924242413,9913.534722531818,6.368180209811192e-06,,314.40024530141324,False,True
200mv0_converted.csv,200.0,-12.0,0.0,10.066666999999999,1.6202480797925292,9.609870625541111,5931.110640027201,1.5570374428087617e-05,,314.4004518840419,False,True
200mv0_converted.csv,200.0,-11.0,2.806630259944,11.36,1.7208865256183368,12.046291100865783,7000.0496380999875,2.0730300039156006e-05,,314.4007889250459,False,True
200mv0_converted.csv,200.0,-10.0,2.42535258256052,15.213334,2.693291271748284,14.500720822510802,5384.015080217452,3.905466482532694e-05,287.889407494318,314.4013419612119,False,True
200mv0_converted.csv,200.0,-9.0,4.29996782969597,17.359997,3.554100659817048,17.914688549783524,5040.568702042813,6.367060639520254e-05,290.06670555666,314.4022923234438,False,True
200mv0_converted.csv,200.0,-8.0,3.5480008737613504,22.079997,5.149359405876677,21.591340268398238,4193.014813407129,0.00011118157109656032,296.32902697486304,314.40391010137404,False,True
200mv0_converted.csv,200.0,-7.0,7.2972313680322705,25.506667,6.1492270109169525,26.114629532467493,4246.815003919227,0.00016058478530113864,295.8864897925103,314.40639528725103,False,True
200mv0_converted.csv,200.0,-6.0,7.85855948527517,31.719997,8.059650139561972,31.029146580086536,3849.937161388114,0.0002500840655646833,299.3271558263339,314.41011615723784,False,True
200mv0_converted.csv,200.0,-5.0,10.665184184919667,36.439997,10.076809835781171,37.02903080952375,3674.6779400400587,0.000373134501870853,300.98979132617404,314.415730344254,False,True
200mv0_converted.csv,200.0,-4.0,11.226512302162568,43.719997,12.830298738865947,43.453099164502106,3386.7566179790188,0.0005575162434101282,303.94736874957056,314.4240673073453,False,True
200mv0_converted.csv,200.0,-3.0,16.27844152749367,50.586667000000006,15.106089592173324,50.89217626406919,3368.9841407029085,0.0007687817741857058,304.140127051559,314.43581808165527,False,True
200mv0_converted.csv,200.0,-2.0,18.343695613320868,59.373327,18.432869784199656,58.78932128571421,3189.3743065503245,0.001083655903961047,306.16223578518,314.4520678121501,False,True
200mv0_converted.csv,200.0,-1.0,22.27296860416627,67.306667,21.86386381151992,67.84496795238086,3103.0639660604643,0.0014833531396077884,307.1852004147501,314.47439857268887,False,True
200mv0_converted.csv,200.0,5.546246e-13,24.51827312985287,77.600007,26.061997706935212,77.37148929437218,2968.7474523022956,0.0020164555765720903,308.84998894186157,314.5045866561751,False,True
200mv0_converted.csv,200.0,1.0,31.063539924935966,87.453337,29.80421266443306,87.89806409956697,2949.182556480023,0.0026197325952154625,309.10034352439476,314.54411098362453,False,True
200mv0_converted.csv,200.0,2.0,34.25144230196397,99.466667,34.53804369099,98.91438552813838,2863.925542891775,0.0034163093690382723,310.21607896047084,314.59497515897993,False,True
200mv0_converted.csv,200.0,3.0,39.86469964453797,110.399967,39.30704197828366,110.83975353679638,2819.8446883393844,0.004356782845133469,310.8093973149564,314.65976163136895,False,True
200mv0_converted.csv,200.0,4.0,43.23265246142547,123.479967,44.695685436287874,123.07732431601714,2753.673494759568,0.005501025371968686,311.7222148246893,314.7409805048327,False,True
200mv0_converted.csv,200.0,5.0,50.72052505113487,135.479967,49.49856826415232,136.03524418614697,2748.266241968577,0.006733549820678625,311.79801996643334,314.8403632661553,False,True
200mv0_converted.csv,200.0,6.0,54.84044482395697,149.413367,55.25587632270946,149.0606514155842,2697.6434242944433,0.008236476919202028,312.51690984610923,314.9602306182416,False,True
200mv0_converted.csv,200.0,7.0,61.385711619040066,162.279967,60.76683931963865,162.5086267402595,2674.2978334853083,0.00987513560918048,312.8541641986396,315.1031712756066,False,True
200mv0_converted.csv,200.0,8.0,65.31498460988537,176.42666699999998,66.79584503270017,175.90702197835472,2633.5024565111607,0.011749858180229965,313.45246312153375,315.2712607892208,False,True
200mv0_converted.csv,200.0,9.0,73.55479238238976,188.853367,72.08728991709141,189.51614968398238,2628.9814737375686,0.013661705626240129,313.5194826715326,315.46537377959424,False,True
200mv0_converted.csv,200.0,10.0,77.48409714637486,202.786667,78.1504576698992,202.6359076926404,2592.8947025308157,0.015836088926535295,314.05967903282556,315.6866454939829,False,True
200mv0_converted.csv,200.0,11.0,84.41064161884147,215.65336699999997,83.78623119928037,215.5538925411252,2572.6648574088936,0.018060448276355553,314.3666534811857,315.9361991373909,False,True
200mv0_converted.csv,200.0,12.0,88.33994638282667,228.30666699999998,89.82584202302043,227.85726526839792,2536.6560461520976,0.02046747071379657,314.92063785233864,316.21430481090516,False,True
200mv0_converted.csv,200.0,13.0,96.38911531663948,239.23996699999998,94.88584417045826,239.82321332034596,2527.492013345153,0.022755828047572913,315.0632014412483,316.51943489906813,False,True
200mv0_converted.csv,200.0,14.0,99.93714240324047,250.813367,100.53764477303032,250.68913929437193,2493.4852995643323,0.02520369563483428,315.5979720441182,316.85001692094363,False,True
200mv0_converted.csv,200.0,15.0,106.30233492860947,260.893367,105.52872637248795,260.89057955411215,2472.223332187662,0.0275314505829257,315.93700546679065,317.20450763599314,True,True
200mv0_converted.csv,200.0,16.0,109.10893579839947,270.533367,110.7538683823471,269.9990921082247,2437.829902032203,0.02990344391070753,316.49325359561584,317.58036262977424,True,True
200mv0_converted.csv,200.0,17.0,116.22611910955747,277.826667,114.86916533526346,278.35567132900394,2423.241002200893,0.03197448363189961,316.73218733447607,317.97331633348836,True,True
200mv0_converted.csv,200.0,18.0,119.03279941219647,285.75996699999996,119.45078056787065,285.3835925411251,2389.1312487403393,0.03408929289030054,317.2979471984886,318.37950954519295,True,True
200mv0_converted.csv,200.0,19.0,124.08472863752846,291.119967,123.3423296262088,291.5868206796532,2364.045024634385,0.03596499775092802,317.72055047758334,318.7959200531255,True,True
200mv0_converted.csv,200.0,20.0,125.76870504597147,297.119967,127.4264813371055,296.51057782251036,2326.9148979959236,0.03778329961115448,318.3564750972465,319.2187818727245,True,True
200mv0_converted.csv,200.0,21.0,131.57254562424248,300.333367,130.30356699743874,300.71508518181776,2307.8039389952282,0.039184248249129486,318.6887626540888,319.6427216258672,True,True
200mv0_converted.csv,200.0,22.0,133.25652203268646,304.186667,133.53043710160495,303.66349297402553,2274.1144233877126,0.04054831894862177,319.2829903668032,320.06307615751825,True,True
200mv0_converted.csv,200.0,23.0,136.81511368826546,305.266667,136.06627580202837,306.0520029307355,2249.2862476520663,0.04164335624053665,319.72798875751823,320.4769634745895,True,True
200mv0_converted.csv,200.0,24.0,137.18582679667148,307.839967,138.78781440600653,307.21921505194763,2213.5892575785933,0.042638283400588714,320.3785853447144,320.8811258462569,True,True
200mv0_converted.csv,200.0,25.0,141.49640923804046,307.626667,140.40069222461554,307.9699652683978,2193.507456328648,0.04323919630807385,320.75030635252693,321.27121377079465,True,True
200mv0_converted.csv,200.0,26.0,142.05768175228846,308.479967,142.4199216795541,307.7630427575753,2160.9550063511792,0.043831588445395135,321.3617964138159,321.64422792131546,True,True
200mv0_converted.csv,200.0,27.0,144.67372321623648,306.546667,143.8756627532234,307.47795747619006,2137.1088868836596,0.04423859491389428,321.81685886546546,321.99944715494337,True,True
200mv0_converted.csv,200.0,28.0,144.11237126913846,306.75996699999996,145.55041257198505,306.25245617748874,2104.0988532136594,0.04457517134781726,322.4568636024103,322.3356116229748,True,True
200mv0_converted.csv,200.0,29.0,147.28968524733446,304.626667,146.18898803495426,305.09164578787835,2086.967355673397,0.04460103895564865,322.7936389242543,322.65023069198406,True,True
200mv0_converted.csv,200.0,30.0,146.91897213892847,304.399967,147.30874775574253,303.40270119913373,2059.6380447291267,0.04469387197935411,323.33739657398013,322.9424835936148,True,True
200mv0_converted.csv,200.0,31.0,148.60294854737148,300.973367,147.98698049863347,302.0978895108221,2041.3815356791586,0.044706554483716354,323.7050417391156,323.213893064864,True,True
200mv0_converted.csv,200.0,32.0,147.48032408602546,300.75996699999996,148.9658971807096,300.20369167532425,2015.2511236256244,0.04472011226737579,324.2371956993278,323.46522384755093,True,True
200mv0_converted.csv,200.0,33.0,150.28692495581546,298.186667,148.9871198499851,298.7333306363632,2005.0950104757867,0.044507418534705065,324.4458465128585,323.6956524446943,True,True
200mv0_converted.csv,200.0,34.0,149.35493933316147,297.973367,149.589305783545,296.93784059307313,1985.020513583643,0.04441872543518276,324.86107981776837,323.9057493304111,True,True
200mv0_converted.csv,200.0,35.0,150.28692495581546,294.75996699999996,149.8505514849084,295.8349306363632,1974.1998124455154,0.04433102750435865,325.0863585257856,324.098297238363,True,True
200mv0_converted.csv,200.0,36.0,148.79358738606348,294.973367,150.46703223658383,294.32163929437183,1956.0539934861017,0.04428570358763044,325.4661976857931,324.2750595481078,False,True
200mv0_converted.csv,200.0,37.0,151.60026768870247,292.613367,150.2051521040204,293.37641635064887,1953.1714607730576,0.04406664924168163,325.5267525670837,324.435851303118,False,True
200mv0_converted.csv,200.0,38.0,150.47756379450746,293.25336699999997,150.6330090667781,292.1800440562766,1939.6813876747847,0.04401195922546073,325.8108350493904,324.58181900284274,False,True
200mv0_converted.csv,200.0,39.0,151.22955458029648,290.90666699999997,150.7612941502433,291.7604202467528,1935.247517549132,0.043986178538219296,325.9044298038571,324.71602721738674,False,True
200mv0_converted.csv,200.0,40.0,149.54557817185346,291.546667,151.2454590311752,291.0141912424238,1924.1185362295012,0.04401457493904659,326.13975317744115,324.8402082576495,False,True
200mv0_converted.csv,200.0,41.0,152.16154020295048,290.039967,150.76400311988837,290.92991808225065,1929.704120756873,0.0438617590774213,326.021579191762,324.9537870006395,False,True
200mv0_converted.csv,200.0,42.0,150.84827690291348,291.546667,151.03914578738951,290.4433938398264,1922.967667260708,0.043868322105157724,326.1641170807765,325.05738068595974,False,True
200mv0_converted.csv,200.0,43.0,151.60026768870247,290.039967,151.0121355237886,290.7325085584411,1925.2261253708493,0.04390413698359833,326.1163100883911,325.1536444765077,False,True
200mv0_converted.csv,200.0,44.0,149.54557817185346,291.333367,151.4001092872215,290.73060509523765,1920.2800213551493,0.044016645384559024,326.2210320174807,325.2442146924971,False,True
200mv0_converted.csv,200.0,45.0,152.35217904164247,290.039967,150.88982440955988,291.20328994372255,1929.9067454231385,0.04393961328709445,326.01729476139053,325.3283319604065,False,True
200mv0_converted.csv,200.0,46.0,150.84827690291348,292.399967,151.14744405292518,291.17488777922034,1926.4294517429203,0.04401034006022647,326.09084626217066,325.40609857069995,False,True
200mv0_converted.csv,200.0,47.0,151.79090652739447,291.333367,151.08504353203827,291.8604345324671,1931.762586880923,0.044095746456617395,325.97806088243976,325.4796297027296,False,True
200mv0_converted.csv,200.0,48.0,149.72565244156746,292.613367,151.49579904933313,292.17305358008616,1928.5884850506175,0.044262990212798774,326.04517256188296,325.55023615169114,False,True
200mv0_converted.csv,200.0,49.0,152.35217904164247,291.75996699999996,151.00604807905316,292.94235228138484,1939.9378767135647,0.04423606693299373,325.8054238030748,325.616954953795,False,True
200mv0_converted.csv,200.0,50.0,150.84827690291348,294.333367,151.2521086954295,293.0209713290039,1937.3017266096356,0.04432003980549483,325.8610550880081,325.6792686678552,False,True
200mv0_converted.csv,200.0,51.0,151.97090136425948,293.25336699999997,151.13697817324532,293.85512544155796,1944.2966836661087,0.04441237567995701,325.71352255988677,325.73871027825055,False,True
200mv0_converted.csv,200.0,52.0,149.91629128025846,294.75996699999996,151.52563175807822,294.2660938398264,1942.0218904590597,0.044588855774061624,325.76147100246277,325.79644861996934,False,True
200mv0_converted.csv,200.0,53.0,152.16154020295048,293.69336699999997,151.03231043595457,294.9706877792203,1953.0303610385608,0.04455010448617824,325.52971829491753,325.85123476038655,False,True
200mv0_converted.csv,200.0,54.0,150.84827690291348,296.479967,151.2333075245342,294.95480899134157,1950.3296847719328,0.044606991334027804,325.58650396859855,325.90211144626545,False,True
200mv0_converted.csv,200.0,55.0,151.97090136425948,294.973367,151.11153696631976,295.64253929437183,1956.452467029474,0.04467499850539811,325.4578306420916,325.95044939690894,False,True
200mv0_converted.csv,200.0,56.0,149.91629128025846,296.266667,151.51160205999258,295.88403929437186,1952.8804083083585,0.04482986481747208,325.53287010088866,325.9974482622891,False,True
200mv0_converted.csv,200.0,57.0,152.16154020295048,295.186667,151.10576003181404,296.41367782251035,1961.6305676243114,0.044789814071195685,325.3492081712547,326.04206901653816,False,True
200mv0_converted.csv,200.0,58.0,151.03891574160446,297.75996699999996,151.29685380409796,296.29691548484806,1958.3812090930783,0.04482879110471622,325.4173492905001,326.08334425580114,False,True
200mv0_converted.csv,200.0,59.0,151.97090136425948,296.266667,151.21222068199236,296.90746440259693,1963.5150060193198,0.04489603702937627,325.3097252474462,326.1226123837069,False,True
200mv0_converted.csv,200.0,60.0,150.10693011895046,297.333367,151.62466492103488,297.038838428571,1959.040361825478,0.045038414345265496,325.40352046032797,326.16108465939925,False,True
200mv0_converted.csv,200.0,61.0,152.16154020295048,296.479967,151.2064437474868,297.39825617748875,1966.8358623270105,0.044968532693302116,325.2402091609955,326.1973841057822,False,True
200mv0_converted.csv,200.0,62.0,151.22955458029648,298.399967,151.34402969550624,297.15231332034585,1963.4227654582464,0.044972228531242796,325.31165730911346,326.2302970454441,False,True
200mv0_converted.csv,200.0,63.0,151.97090136425948,296.90666699999997,151.27925306643846,297.5577280389606,1966.9433977723297,0.04501431084188039,325.23795925418426,326.2612146189775,False,True
200mv0_converted.csv,200.0,64.0,150.10693011895046,297.75996699999996,151.6535588779229,297.48661635064894,1961.6197506457318,0.0451149040881272,325.3494349073201,326.2912773403524,False,True
200mv0_converted.csv,200.0,65.0,152.16154020295048,296.90666699999997,151.23730048664623,297.6556228441554,1968.136312182043,0.045016632873621364,325.2130085268848,326.3190837291223,False,True
200mv0_converted.csv,200.0,66.0,151.40962885001048,298.399967,151.4255480870907,297.3305453549779,1963.5428044412397,0.04502344079341111,325.30914298445066,326.3438866653865,False,True
200mv0_converted.csv,200.0,67.0,151.97090136425948,296.90666699999997,151.42601299277223,297.5743657012983,1965.146937570772,0.04506049976700075,325.2755529931052,326.36728163795834,False,True
200mv0_converted.csv,200.0,68.0,150.28692495581546,297.75996699999996,151.81659394176623,297.3453397272723,1958.5826029091913,0.045141956701851824,325.41312337364445,326.3901374208828,False,True
200mv0_converted.csv,200.0,69.0,152.53225331135647,296.69336699999997,151.36764429075933,297.416451415584,1964.8614656662173,0.045019227624094015,325.2815293082827,326.41083181994276,False,True
200mv0_converted.csv,200.0,70.0,151.40962885001048,297.973367,151.52044971028042,297.0488951385277,1960.4541545811783,0.045008982177331645,325.37386982128174,326.4286335269667,False,True
200mv0_converted.csv,200.0,71.0,151.97090136425948,296.479967,151.5085877380951,297.2012730606056,1961.613381113167,0.04502854515537632,325.3495684199032,326.4451996928338,False,True
200mv0_converted.csv,200.0,72.0,150.28692495581546,297.546667,151.9225566752088,296.9602371298697,1954.6816722202293,0.04511495845564607,325.4950195383539,326.46161367714717,False,True
200mv0_converted.csv,200.0,73.0,152.72289215004847,296.266667,151.47424007994147,297.0574808528134,1961.1089033755145,0.04499655617224167,325.3601428419994,326.4764437885512,False,True
200mv0_converted.csv,200.0,74.0,151.60026768870247,297.546667,151.6970588508866,296.70729427272687,1955.919887440802,0.04500962388077718,325.4690136096111,326.48910524570596,False,True
200mv0_converted.csv,200.0,75.0,152.35217904164247,296.266667,151.72646069659996,296.8409747922073,1956.4219281815701,0.04503863049495026,325.4584718888676,326.5012487568398,False,True
200mv0_converted.csv,200.0,76.0,150.28692495581546,297.119967,152.13217687013397,296.5407076926402,1949.2306873764057,0.04511338339189143,325.6096256456956,326.5135462301827,False,True
200mv0_converted.csv,200.0,77.0,152.91353098874046,295.826667,152.05273734969526,296.48048825541105,1949.8530143101382,0.045080669810009424,325.5965324249816,326.5253363421991,False,True
200mv0_converted.csv,200.0,78.0,151.79090652739447,297.119967,151.8200691117368,296.47227661038943,1952.7871271892993,0.04501044152470327,325.53483074533744,326.5351877179833,False,True
200mv0_converted.csv,200.0,79.0,152.35217904164247,295.826667,151.43417215625865,296.51607275757556,1958.0525883656753,0.044902666009068413,325.42424485411703,326.54248012957476,False,True
200mv0_converted.csv,200.0,80.0,150.28692495581546,296.90666699999997,150.89504648326084,296.6118766969695,1965.6833249981694,0.04475726292167644,325.26432621318475,326.54663868741955,False,True
250mv0_converted.csv,250.0,-50.0,-0.7413729968028306,-0.8533330000000001,-0.6235234558585067,-0.7642823757575751,,4.7654798818411296e-07,,314.4,False,False
250mv0_converted.csv,250.0,-49.0,-0.5613249399289106,-0.426666,-0.24025593264094713,-0.6057368272727268,,1.4553186637137725e-07,,314.4000063007996,False,False
250mv0_converted.csv,250.0,-48.0,0.7519645729491398,-1.0666660000000001,0.050351393904659814,-0.47102968787878774,-9354.849019089339,-2.3717001355173806e-08,,314.40000704843806,False,False
250mv0_converted.csv,250.0,-47.0,0.9426034116408797,0.6533340000000001,0.24829852377831407,-0.3601609575757576,-1450.5159035795016,-8.942743408864462e-08,,314.400005357374,False,False
250mv0_converted.csv,250.0,-46.0,-0.5613249399289106,-0.426666,0.35358545698001553,-0.27313063636363594,-772.4600403434384,-9.657502087387866e-08,,314.4000030577538,False,False
250mv0_converted.csv,250.0,-45.0,-0.3706861012371707,-0.426666,0.33721745180965923,-0.21437168398268375,-635.7075614926501,-7.228987301278614e-08,,314.4000011094769,False,False
250mv0_converted.csv,250.0,-44.0,0.5613257342573998,-1.0666660000000001,-0.008756667007956262,-0.08657952813852811,,7.581480976150699e-10,,314.40000030642125,False,False
250mv0_converted.csv,250.0,-43.0,0.9426034116408797,0.8666670000000001,-0.08798319737335454,-0.4940253722943715,,4.3465931838020644e-08,,314.40000074015154,False,False
250mv0_converted.csv,250.0,-42.0,-0.5613249399289106,-0.426666,0.2720206195298002,-0.2916010259740255,-1071.981331702247,-7.932149174097978e-08,,314.40000030270903,False,False
250mv0_converted.csv,250.0,-41.0,-0.5613249399289106,-0.426666,0.24231067064277587,-0.25777706926406885,-1063.8287970573701,-6.246213452970581e-08,,314.39999883618674,False,False
250mv0_converted.csv,250.0,-40.0,0.5613257342573998,-1.2799989999999997,-0.02443691780944134,-0.20756071861471828,,5.072144221256451e-09,,314.3999983470526,False,False
250mv0_converted.csv,250.0,-39.0,0.9426034116408797,0.6533340000000001,-0.07065239385592367,-0.6572000303030292,,4.6432755383094587e-08,,314.39999900174774,False,False
250mv0_converted.csv,250.0,-38.0,-0.5613249399289106,-0.6400000000000001,0.29347780483709557,-0.4992782294372288,-1701.2469808896435,-1.4652707877818965e-07,,314.39999803015576,False,False
250mv0_converted.csv,250.0,-37.0,-0.3706861012371707,-0.6400000000000001,0.2761470013196647,-0.5324673116883111,-1928.2024035884165,-1.4703925142347034e-07,,314.3999951836527,False,False
250mv0_converted.csv,250.0,-36.0,0.5613257342573998,-1.4933330000000002,-0.02443691780944134,-0.5957862424242417,,1.4559179438117087e-08,,314.3999942149425,False,False
250mv0_converted.csv,250.0,-35.0,0.7519645729491398,0.0,-0.06982711749795077,-1.1195957229437214,,7.817814209619437e-08,,314.39999560288544,False,False
250mv0_converted.csv,250.0,-34.0,-0.5613249399289106,-1.2799989999999997,0.24891288150655905,-1.1525536363636346,-4630.349499743605,-2.868854467181351e-07,,314.39999375554504,False,False
250mv0_converted.csv,250.0,-33.0,-0.3706861012371707,-1.4933330000000002,0.19444464188034774,-1.3243283982683964,-6810.824846916209,-2.5750856113327285e-07,,314.3999886752391,False,False
250mv0_converted.csv,250.0,-32.0,0.5613257342573998,-2.133333,-0.09788651366902933,-1.4967382554112532,,1.4651048969727274e-07,,314.3999884456418,False,False
250mv0_converted.csv,250.0,-31.0,0.5613257342573998,-1.2799989999999997,-0.07326574491894403,-2.027647329004326,,1.4855709199240912e-07,,314.39999232151223,False,False
250mv0_converted.csv,250.0,-30.0,-0.5613249399289106,-2.133333,0.22562173269006133,-2.1961324458874425,-9733.69196177697,-4.954952076579871e-07,,314.3999892733846,False,False
250mv0_converted.csv,250.0,-29.0,-0.3706861012371707,-2.56,0.19375686687956745,-2.428282580086577,-12532.627200231891,-4.704964246158074e-07,,314.39998022860016,False,False
250mv0_converted.csv,250.0,-28.0,0.7519645729491398,-3.213333,-0.11439210272421434,-2.701356341991338,,3.09013832167781e-07,,314.39998016704885,False,False
250mv0_converted.csv,250.0,-27.0,0.38127767738347984,-2.786667,-0.10591010144280096,-3.1994803722943677,,3.3885729079394703e-07,,314.3999882654835,False,False
250mv0_converted.csv,250.0,-26.0,-0.5613249399289106,-3.213333,0.18206543461502722,-3.4566232077922026,-18985.609295367598,-6.293316066270768e-07,,314.3999860543674,False,False
250mv0_converted.csv,250.0,-25.0,-0.5613249399289106,-3.8533329999999997,0.17298743594114335,-3.7058582510822458,-21422.701775538855,-6.410669168160475e-07,,314.39997414136394,False,False
250mv0_converted.csv,250.0,-24.0,0.7519645729491398,-4.279999,-0.13869187679621445,-3.8921207922077863,,5.398055373888668e-07,,314.3999752035071,False,False
250mv0_converted.csv,250.0,-23.0,0.5613257342573998,-4.066667000000001,-0.11769316689228794,-4.3123227575757515,,5.075309220007741e-07,,314.3999877399889,False,False
250mv0_converted.csv,250.0,-22.0,-0.5613249399289106,-4.279999,0.13832578764246356,-4.475785935064929,-32356.844022704427,-6.191166147869164e-07,,314.3999873717788,False,False
250mv0_converted.csv,250.0,-21.0,-0.7413729968028306,-4.493333,0.14749554329274822,-4.569061458874453,-30977.623844578196,-6.739162022146442e-07,,314.3999751234619,False,False
250mv0_converted.csv,250.0,-20.0,0.5613257342573998,-5.133333,-0.23011420363367674,-4.557979398268392,,1.048855799411236e-06,,314.3999810405653,False,False
250mv0_converted.csv,250.0,-19.0,0.5613257342573998,-4.279999,-0.25854040075935936,-4.724501662337655,,1.2214745531690366e-06,,314.40000564001593,False,False
250mv0_converted.csv,250.0,-18.0,-0.5613249399289106,-4.493333,0.044886148398269474,-4.480807645021638,-99826.06672472683,-2.011261968985416e-07,,314.4000154354026,False,False
250mv0_converted.csv,250.0,-17.0,-0.9320118354945706,-4.066667000000001,0.13002721778621573,-4.188570961038955,-32213.032258566014,-5.446282285640311e-07,,314.40000662677124,False,False
250mv0_converted.csv,250.0,-16.0,0.5613257342573998,-4.279999,-0.2200733653489003,-3.6276474675324626,,7.983485864792845e-07,,314.4000088955764,False,False
250mv0_converted.csv,250.0,-15.0,0.7519645729491398,-2.3466660000000004,-0.21599277951960072,-3.205540822510818,,6.923736721176586e-07,,314.4000234186703,False,False
250mv0_converted.csv,250.0,-14.0,-0.3706861012371707,-2.56,0.20301832104917716,-2.176623034632031,-10721.313344448296,-4.418943540479599e-07,,314.40002406749926,False,False
250mv0_converted.csv,250.0,-13.0,-0.7413729968028306,-0.8533330000000001,0.4878762174867936,-0.9862045411255397,-2021.423684486599,-4.811457411926272e-07,,314.4000128439021,False,False
250mv0_converted.csv,250.0,-12.0,1.1226514685147997,0.0,0.314476696989551,0.6042713852813847,1921.5140297071443,1.9002926932859024e-07,326.1948971921873,314.40000900082345,False,False
250mv0_converted.csv,250.0,-11.0,1.6839764084437094,3.226667,0.6240009793279403,2.2765366623376595,3648.290207476162,1.4205611067746599e-06,301.24865745595724,314.4000249155873,False,False
250mv0_converted.csv,250.0,-10.0,0.9426034116408797,4.506667,1.495629860802526,4.891660242424236,3270.6355834587753,7.316113127470211e-06,305.23021715978916,314.400112934645,False,False
250mv0_converted.csv,250.0,-9.0,0.9426034116408797,7.720000000000001,2.3319546644748566,7.797923047619037,3343.9428160474495,1.81844030241112e-05,304.4138820274407,314.40036598965094,False,False
250mv0_converted.csv,250.0,-8.0,3.7492281112854196,10.933334,2.8646248194815294,11.38909129437228,3975.7706548229935,3.262547359319985e-05,298.19033519472987,314.40085867955014,False,False
250mv0_converted.csv,250.0,-7.0,5.05192684234565,16.293337,3.9952071181461215,15.382395246753225,3850.212214752724,6.145585498396554e-05,299.324620224095,314.4017576693181,False,False
250mv0_converted.csv,250.0,-6.0,5.242565681037349,20.159997,5.861249095312277,20.536334294372264,3503.7470614918684,0.00012036857080391991,302.7091907440494,314.4034881486606,False,False
250mv0_converted.csv,250.0,-5.0,6.55586075421495,26.159997,7.781392775926205,26.323115896103857,3382.828325738982,0.00020483050387381081,303.98986601247964,314.4065545744785,False,False
250mv0_converted.csv,250.0,-4.0,10.294494906368548,32.586667,9.525248485983253,32.91561264069259,3455.6172145145715,0.00031352938947096833,303.2122499896874,314.41136439573086,False,False
250mv0_converted.csv,250.0,-3.0,13.101127549298049,40.946667,12.011073203990193,40.20011496536791,3346.9211520593385,0.0004828465236578556,304.3811900084622,314.4186571808308,False,False
250mv0_converted.csv,250.0,-2.0,14.60505351788235,48.666667000000004,15.367471979933415,48.80190678354971,3175.662649476402,0.0007499619350635225,306.32242390210007,314.4298674193916,False,False
250mv0_converted.csv,250.0,-1.0,17.78236749607805,57.893337,18.860774131575003,58.31284435930728,3091.75243563758,0.001099825386430582,307.32189841159015,314.44654084912577,False,False
250mv0_converted.csv,250.0,5.546246e-13,23.02493556010085,68.386667,22.350271071476033,68.7406037965367,3075.604925627285,0.0015363711284695299,307.51812629908267,314.469996471867,False,False
250mv0_converted.csv,250.0,1.0,27.706175506880847,80.613337,26.570733368940523,79.95786656709946,3009.2457538475414,0.002124539153303723,308.3382687500174,314.5021649432376,False,False
250mv0_converted.csv,250.0,2.0,30.883489485076552,92.613327,31.697075769052194,92.44133280086565,2916.39940145904,0.002930119929981208,309.52453230427164,314.5461656286297,False,False
250mv0_converted.csv,250.0,3.0,35.935418710407646,105.266667,36.8706880389172,105.81437609090894,2869.8779903217783,0.0039014488508805623,310.1368392102723,314.60501256194857,False,False
250mv0_converted.csv,250.0,4.0,42.68192068629985,119.413367,42.10436196208415,119.83187141558425,2846.0678616504233,0.005045444488675684,310.4550523192586,314.6810452183919,False,False
250mv0_converted.csv,250.0,5.0,49.03654864269115,135.066667,47.94062833619034,134.39487293073572,2803.3606899824704,0.006442974653461928,311.0342609320797,314.77733282706,False,False
250mv0_converted.csv,250.0,6.0,53.71778858947115,150.066667,54.60995816966419,149.83730050649328,2743.7724826848125,0.008182608712915,311.8611617017536,314.8984436529973,False,False
250mv0_converted.csv,250.0,7.0,60.453694223246046,165.293367,61.15425674364682,165.91673150216425,2713.085569785802,0.010146514396350066,312.2958356287442,315.0482777057357,False,False
250mv0_converted.csv,250.0,8.0,68.13220565164725,181.58666699999998,67.64019675963826,182.0290466536794,2691.137154738414,0.012312480531624245,312.610531478807,315.2290269779725,False,False
250mv0_converted.csv,250.0,9.0,75.62004646821696,198.733367,74.4961387365207,198.07580812554085,2658.8734863977174,0.014755882882468745,313.0790195801591,315.4432742928006,False,False
250mv0_converted.csv,250.0,10.0,81.04268880195404,214.813367,82.00230306090697,214.34639557142825,2613.907019321434,0.017576898089661307,313.7439973767298,315.6952026075015,False,False
250mv0_converted.csv,250.0,11.0,88.53058522151835,229.599967,89.17390389158196,230.42326353679618,2583.9764043183063,0.020547741957014923,314.1946366220636,315.9873363838002,False,False
250mv0_converted.csv,250.0,12.0,96.57975415533095,245.253367,96.1673364970645,245.62746699999963,2554.1673082262955,0.02362133927191057,314.6500061723991,316.31923145655185,False,False
250mv0_converted.csv,250.0,13.0,104.43828425045194,260.679967,103.27810765162685,259.8183999004325,2515.7161164962513,0.0268335526747903,315.2473542560987,316.6903735847254,False,False
250mv0_converted.csv,250.0,14.0,109.87149115316595,273.75996699999996,110.7978336048576,273.29096007359266,2466.5731375961764,0.0302800463199457,316.02771696081356,317.10163645044423,False,False
250mv0_converted.csv,250.0,15.0,117.16874873403894,284.90666699999997,117.75459591503649,285.7222488181814,2426.421207579351,0.033645107953520464,316.67994784030066,317.55152946627163,True,False
250mv0_converted.csv,250.0,16.0,124.65664515360294,296.053367,124.27199381524105,296.45557695670954,2385.5381076243057,0.03684112562605792,317.3581346931899,318.0345904635516,True,False
250mv0_converted.csv,250.0,17.0,131.76318446293496,306.34666699999997,130.6646333129504,305.4054877792203,2337.323268246229,0.03990569607243458,318.1769348283669,318.5452732238548,True,False
250mv0_converted.csv,250.0,18.0,136.44448001270894,313.639967,137.2602368078927,313.19001288744545,2281.72426458641,0.042988535334797726,319.14780785616375,319.08037257311656,True,False
250mv0_converted.csv,250.0,19.0,142.43895942967194,318.78666699999997,143.12885539069217,319.3801302034627,2231.416784069611,0.04571251247055185,320.0520575326981,319.63453441422797,True,False
250mv0_converted.csv,250.0,20.0,148.79358738606396,323.066667,148.35238879938356,323.7179657012982,2182.0879887486067,0.0480243335090645,320.9635514006421,320.19845897769795,True,False
250mv0_converted.csv,250.0,21.0,154.41743312746996,327.359967,153.28240751338456,326.2208323679649,2128.234007151012,0.050003914566381896,321.98777538271145,320.76383282336394,True,False
250mv0_converted.csv,250.0,22.0,157.59474710566596,327.78666699999997,158.31695985726833,327.6928172164497,2069.8528920204335,0.05187933058877184,323.1332253373205,321.3261265831142,True,False
250mv0_converted.csv,250.0,23.0,161.71469070834195,327.57336699999996,162.61904986104824,327.8462947056272,2016.0386804975144,0.0533140529454943,324.2210568775251,321.8799695291802,True,False
250mv0_converted.csv,250.0,24.0,166.57598109498196,326.066667,166.1691260400737,326.76029773593024,1966.432065467613,0.0542974730993738,325.24865758748047,322.4168962423327,True,False
250mv0_converted.csv,250.0,25.0,170.69592469765894,325.426667,169.44828359109027,324.4269652683978,1914.6075628083638,0.05497359241539626,326.3412267585424,322.9304568818735,True,False
250mv0_converted.csv,250.0,26.0,172.18926226741095,321.78666699999997,172.8000121625102,321.9225890779216,1862.9778149272854,0.05562822730805162,327.43520909116967,323.4190876530023,True,False
250mv0_converted.csv,250.0,27.0,174.44515519192996,318.78666699999997,175.42989282325055,318.89701635064887,1817.8031760638685,0.05594406940004871,328.377354208228,323.8809409213294,True,False
250mv0_converted.csv,250.0,28.0,177.81310800881695,314.919967,177.36928366785804,315.6680973030298,1779.722456872241,0.05598982429543411,329.1419812250441,324.31182316874,True,False
250mv0_converted.csv,250.0,29.0,180.23843120122294,312.99996699999997,179.127935551418,312.12996873160125,1742.49743777126,0.055911196922620386,329.84660685929134,324.7100522358376,True,False
250mv0_converted.csv,250.0,30.0,180.42907003991496,309.13336699999996,181.1422872792156,309.23785401298653,1707.154406945974,0.05601605218922854,330.4645553143183,325.07871953973915,True,False
250mv0_converted.csv,250.0,31.0,181.74233333995295,306.559967,182.53838116024693,306.68871332034587,1680.1327554839534,0.05598246124961499,330.899242385399,325.4204578938248,True,False
250mv0_converted.csv,250.0,32.0,183.79702285680196,303.986667,183.36108540690418,304.74349600432856,1661.9856679407171,0.05587809819804825,331.1722747619427,325.7351611777202,True,False
250mv0_converted.csv,250.0,33.0,185.29036042655395,303.773367,184.12222644431264,303.17455877489135,1646.5940295729904,0.055821174762905115,331.3921230987923,326.0246337841579,True,False
250mv0_converted.csv,250.0,34.0,184.35837480389995,302.706667,185.21003455930656,302.66032414285667,1634.1464697796437,0.05605572909422941,331.56225977959446,326.2942561184683,True,False
250mv0_converted.csv,250.0,35.0,185.11028615683995,302.706667,185.85362357615045,302.8427847489173,1629.4693583137619,0.056284428919478435,331.62445017020156,326.54838998599195,True,False
250mv0_converted.csv,250.0,36.0,186.42362888972696,303.13336699999996,186.09294718652478,303.64646570129827,1631.6924971742599,0.0565064657051266,331.59499784569834,326.78806871768654,False,False
250mv0_converted.csv,250.0,37.0,187.54625335107295,305.279967,186.35534036589084,304.87075574458834,1635.9646852405938,0.05681429345438913,331.53782317981626,327.01519523168463,False,False
250mv0_converted.csv,250.0,38.0,186.42362888972696,306.986667,187.13582141088338,306.8477856147182,1639.706301558322,0.05742221240912093,331.48709140494606,327.23467454117406,False,False
250mv0_converted.csv,250.0,39.0,186.60362372659196,308.919967,187.43540085520954,309.286338428571,1650.0956437118787,0.0579712088223992,331.34304835513086,327.44949207320064,False,False
250mv0_converted.csv,250.0,40.0,187.72632762078794,311.706667,187.43984359293668,311.7967505497831,1663.4496944358984,0.05844313415583723,331.15080607622946,327.6586078883078,False,False
250mv0_converted.csv,250.0,41.0,188.84895208213396,314.706667,187.49178442371672,314.3677167835493,1676.7012898714697,0.05894136418495726,330.95202754068066,327.86194534172375,False,False
250mv0_converted.csv,250.0,42.0,187.16497567368995,317.279967,188.0826781696435,317.0144063939389,1685.5055950873043,0.05962491857293177,330.815493666937,328.0621170960393,False,False
250mv0_converted.csv,250.0,43.0,187.54625335107295,318.99996699999997,188.2834558722581,319.66797046320295,1697.801694696338,0.06018819021048277,330.61880822417226,328.25998335838636,False,False
250mv0_converted.csv,250.0,44.0,188.47823897372794,321.99996699999997,188.15269702290976,321.71928474891723,1709.8839923072917,0.06053235110979026,330.4187883294182,328.45224237144714,False,False
250mv0_converted.csv,250.0,45.0,189.41030402923096,323.706667,188.07819863834524,323.54042241125495,1720.2441577685963,0.06085089983379813,330.242028746491,328.6368441670949,False,False
250mv0_converted.csv,250.0,46.0,187.72632762078794,325.426667,188.61165314975727,324.9693587748913,1722.954829927005,0.061293007981548825,330.1949970760302,328.8153815038097,False,False
250mv0_converted.csv,250.0,47.0,187.91696645947894,325.213367,188.72082448890663,326.13289383982635,1728.1235111337544,0.06154806861840508,330.1044254984386,328.9876203498871,False,False
250mv0_converted.csv,250.0,48.0,188.84895208213396,326.933367,188.5248746529861,326.3854349653675,1731.259259904766,0.06153177321540626,330.0489162603637,329.14934641642793,False,False
250mv0_converted.csv,250.0,49.0,189.79158170661495,326.493367,188.4358789137332,326.5044522813848,1732.708516889504,0.061525153434889804,330.0231245157475,329.2987161248874,False,False
250mv0_converted.csv,250.0,50.0,188.10760529817094,326.493367,188.93567109023363,326.08042847186096,1725.88070103569,0.06160822458272197,330.1438637122094,329.4376798247124,False,False
250mv0_converted.csv,250.0,51.0,188.10760529817094,324.57336699999996,189.04221082939654,325.5422908095233,1722.0613818535637,0.06154123437309862,330.2105285033225,329.5663701336803,False,False
250mv0_converted.csv,250.0,52.0,189.23022975951696,324.99996699999997,188.77669535447615,324.17413583116837,1717.2359926231848,0.061196522081601035,330.2938389763242,329.6811772996027,False,False
250mv0_converted.csv,250.0,53.0,189.97157654347996,322.639967,188.64460368380986,322.89920682683936,1711.6800614559625,0.060913192901665664,330.38848476915786,329.7809805385992,False,False
250mv0_converted.csv,250.0,54.0,188.28760013503594,321.78666699999997,189.0607248728922,321.34525747619,1699.6933535097482,0.06075376731291466,330.5879308937311,329.86880266654794,False,False
250mv0_converted.csv,250.0,55.0,188.10760529817094,318.99996699999997,189.18565623955755,319.94773583116836,1691.1838994074292,0.06052952236558018,330.72553601831936,329.94611946623365,False,False
250mv0_converted.csv,250.0,56.0,189.41030402923096,318.78666699999997,188.87636501182394,318.15288518181774,1684.4504878199075,0.060091560471165914,330.8320433082078,330.01085794339417,False,False
250mv0_converted.csv,250.0,57.0,189.97157654347996,316.639967,188.79829146130353,316.7599968701294,1677.7694036233008,0.05980374621236828,330.9356516659364,330.0633608863217,False,False
250mv0_converted.csv,250.0,58.0,188.66887781241894,315.78666699999997,189.19342346554654,315.4544886450212,1667.3649795362346,0.05968191465432494,331.09291271547784,330.10777187732094,False,False
250mv0_converted.csv,250.0,59.0,188.10760529817094,313.853367,189.2998758629615,314.6330319350645,1662.087893617186,0.05955999388769491,331.1707807534609,330.1463675013257,False,False
250mv0_converted.csv,250.0,60.0,189.60094286792295,313.853367,188.9483115731165,313.65923799567054,1660.026678112417,0.059265383428592264,331.20084604655506,330.1777986660751,False,False
250mv0_converted.csv,250.0,61.0,189.79158170661495,313.426667,188.82576834991193,313.1266674329,1658.2835603912215,0.059126383568864675,331.2261269967875,330.20247175225177,False,False
250mv0_converted.csv,250.0,62.0,188.66887781241894,313.213367,189.10513127438878,312.92180639393894,1654.7504781342711,0.05917511927674469,331.27695312677514,330.224399454196,False,False
250mv0_converted.csv,250.0,63.0,188.10760529817094,312.34666699999997,189.20429029199005,313.1305163506489,1654.9863423678678,0.059245637114888915,331.273572903156,330.2459024894641,False,False
250mv0_converted.csv,250.0,64.0,189.41030402923096,313.213367,188.8268157631562,313.26812197835454,1659.0234851562818,0.05915342195327669,331.215414834705,330.2655506861254,False,False
250mv0_converted.csv,250.0,65.0,189.60094286792295,314.279967,188.76620609196604,313.6124202467528,1661.3801100286046,0.0591994267532988,331.18112487365795,330.2832729433937,False,False
250mv0_converted.csv,250.0,66.0,188.66887781241894,314.493367,189.03415750760294,314.4140250086576,1663.2656719514403,0.059434990326085985,331.15350812846805,330.3025634817055,False,False
250mv0_converted.csv,250.0,67.0,188.10760529817094,314.706667,189.10044783105712,315.4162691645017,1667.9826662615603,0.05964535775220853,331.0837168592124,330.32495263747614,False,False
250mv0_converted.csv,250.0,68.0,189.41030402923096,315.99996699999997,188.7667507743624,316.2162509826835,1675.1692217273192,0.05969111424005145,330.9754205894956,330.3482537979014,False,False
250mv0_converted.csv,250.0,69.0,189.41030402923096,317.919967,188.72066940572415,316.9318133203459,1679.3699085444898,0.059811583965785675,330.91101819737395,330.37151341770095,False,False
250mv0_converted.csv,250.0,70.0,188.47823897372794,317.919967,188.98297799426345,317.9816708961034,1682.594243518354,0.06009312311353743,330.86103778479685,330.39715081452897,False,False
250mv0_converted.csv,250.0,71.0,188.28760013503594,318.359967,189.05233903349958,318.9583674329,1687.1431957072027,0.060299825417496136,330.7897028457634,330.4258359843319,False,False
250mv0_converted.csv,250.0,72.0,189.41030402923096,319.213367,188.75931090799546,319.55318128571383,1692.9134766839109,0.06031863829794909,330.69783128914406,330.45464590898746,False,False
250mv0_converted.csv,250.0,73.0,189.41030402923096,320.919967,188.7832439223767,319.86083712986965,1694.3285351182387,0.060384366437103786,330.6750674166559,330.4821645285525,False,False
250mv0_converted.csv,250.0,74.0,188.47823897372794,320.493367,189.1168529495933,320.52028951082207,1694.8266879010125,0.060615788458779206,330.66703059396445,330.5106727959784,False,False
250mv0_converted.csv,250.0,75.0,188.47823897372794,320.279967,189.14986400391226,321.0155150519476,1697.1490661251964,0.060720041015221736,330.62941901522186,330.5404506463801,False,False
250mv0_converted.csv,250.0,76.0,189.60094286792295,320.706667,188.84761547829865,321.0643973030298,1700.124179433575,0.06063224584565428,330.5808728587922,330.5681385902154,False,False
250mv0_converted.csv,250.0,77.0,189.60094286792295,321.99996699999997,188.8705853951704,321.02540275757553,1699.7109533276455,0.06063225574554364,330.5876425635198,330.5928671854453,False,False
250mv0_converted.csv,250.0,78.0,188.28760013503594,320.919967,188.95715042045694,320.81553245454523,1697.8216052723296,0.060620388823232486,330.6184845071748,330.61561947771645,False,False
250mv0_converted.csv,250.0,79.0,188.47823897372794,319.853367,189.10731055415854,320.4347863939392,1694.4600684920094,0.06059656066295411,330.67294535603605,330.6363004847462,False,False
250mv0_converted.csv,250.0,80.0,189.79158170661495,320.066667,189.32106579627518,319.8831645757574,1689.6332335249879,0.06056062164776768,330.75024634610713,330.6548199491218,False,False
