Temperature	Resistance	Time	Current	V+	V-	T+	T-	Loop	Row
K	Ohm	sec	A	V	V	K	K

370.004500E+0	8.751895E+1	3.799761E+1	1.000000E-6	8.755564E-5	-8.748226E-5	3.700070E+2	3.700020E+2	1	1
369.951000E+0	8.734686E+1	4.258615E+1	1.000000E-6	8.692143E-5	-8.777229E-5	3.699760E+2	3.699260E+2	1	1
369.741000E+0	8.734803E+1	4.717799E+1	1.000000E-6	8.636031E-5	-8.833574E-5	3.698070E+2	3.696750E+2	1	1
369.354000E+0	8.723959E+1	5.176812E+1	1.000000E-6	8.573789E-5	-8.874129E-5	3.694550E+2	3.692530E+2	1	1
368.841000E+0	8.729738E+1	5.635860E+1	1.000000E-6	8.526873E-5	-8.932604E-5	3.689580E+2	3.687240E+2	1	1
368.245500E+0	8.720427E+1	6.095025E+1	1.000000E-6	8.446242E-5	-8.994612E-5	3.683730E+2	3.681180E+2	1	1
367.622500E+0	8.702394E+1	6.554711E+1	1.000000E-6	8.382586E-5	-9.022201E-5	3.677510E+2	3.674940E+2	1	1
367.019000E+0	8.728681E+1	7.015030E+1	1.000000E-6	8.371505E-5	-9.085856E-5	3.671400E+2	3.668980E+2	1	1
366.455000E+0	8.710409E+1	7.475130E+1	1.000000E-6	8.339203E-5	-9.081615E-5	3.665670E+2	3.663430E+2	1	1
365.932000E+0	8.716423E+1	7.934866E+1	1.000000E-6	8.320816E-5	-9.112029E-5	3.660360E+2	3.658280E+2	1	1
365.443000E+0	8.708165E+1	8.394966E+1	1.000000E-6	8.306659E-5	-9.109671E-5	3.655410E+2	3.653450E+2	1	1
364.973500E+0	8.718428E+1	8.854997E+1	1.000000E-6	8.295588E-5	-9.141267E-5	3.650700E+2	3.648770E+2	1	1
364.507000E+0	8.726324E+1	9.315104E+1	1.000000E-6	8.261161E-5	-9.191486E-5	3.646040E+2	3.644100E+2	1	1
364.032000E+0	8.725614E+1	9.775037E+1	1.000000E-6	8.262810E-5	-9.188418E-5	3.641310E+2	3.639330E+2	1	1
363.548000E+0	8.706638E+1	1.023516E+2	1.000000E-6	8.203401E-5	-9.209875E-5	3.636490E+2	3.634470E+2	1	1
363.060000E+0	8.721256E+1	1.069516E+2	1.000000E-6	8.204579E-5	-9.237933E-5	3.631610E+2	3.629590E+2	1	1
362.574500E+0	8.706521E+1	1.115515E+2	1.000000E-6	8.179592E-5	-9.233450E-5	3.626740E+2	3.624750E+2	1	1
362.094500E+0	8.735403E+1	1.161562E+2	1.000000E-6	8.202462E-5	-9.268343E-5	3.621930E+2	3.619960E+2	1	1
361.622000E+0	8.732576E+1	1.207534E+2	1.000000E-6	8.177470E-5	-9.287681E-5	3.617190E+2	3.615250E+2	1	1
361.153500E+0	8.730335E+1	1.253548E+2	1.000000E-6	8.155541E-5	-9.305128E-5	3.612500E+2	3.610570E+2	1	1
360.686500E+0	8.748019E+1	1.299564E+2	1.000000E-6	8.163795E-5	-9.332243E-5	3.607830E+2	3.605900E+2	1	1
360.220000E+0	8.755448E+1	1.345555E+2	1.000000E-6	8.156961E-5	-9.353935E-5	3.603160E+2	3.601240E+2	1	1
359.755000E+0	8.744720E+1	1.391581E+2	1.000000E-6	8.122768E-5	-9.366671E-5	3.598510E+2	3.596590E+2	1	1
359.290500E+0	8.745894E+1	1.437585E+2	1.000000E-6	8.113099E-5	-9.378690E-5	3.593860E+2	3.591950E+2	1	1
358.826500E+0	8.757216E+1	1.483558E+2	1.000000E-6	8.096603E-5	-9.417829E-5	3.589220E+2	3.587310E+2	1	1
358.363000E+0	8.756984E+1	1.529593E+2	1.000000E-6	8.068074E-5	-9.445893E-5	3.584590E+2	3.582670E+2	1	1
357.899500E+0	8.765588E+1	1.575563E+2	1.000000E-6	8.068783E-5	-9.462392E-5	3.579950E+2	3.578040E+2	1	1
357.436500E+0	8.783741E+1	1.621430E+2	1.000000E-6	8.081983E-5	-9.485498E-5	3.575320E+2	3.573410E+2	1	1
356.973500E+0	8.798240E+1	1.667437E+2	1.000000E-6	8.075147E-5	-9.521334E-5	3.570690E+2	3.568780E+2	1	1
356.511500E+0	8.810856E+1	1.713314E+2	1.000000E-6	8.085756E-5	-9.535956E-5	3.566070E+2	3.564160E+2	1	1
356.049500E+0	8.811680E+1	1.759306E+2	1.000000E-6	8.059586E-5	-9.563773E-5	3.561450E+2	3.559540E+2	1	1
355.587500E+0	8.817574E+1	1.805325E+2	1.000000E-6	8.079386E-5	-9.555761E-5	3.556830E+2	3.554920E+2	1	1
355.125000E+0	8.849990E+1	1.851338E+2	1.000000E-6	8.093297E-5	-9.606683E-5	3.552210E+2	3.550290E+2	1	1
354.667000E+0	8.842921E+1	1.897347E+2	1.000000E-6	8.070668E-5	-9.615174E-5	3.547610E+2	3.545730E+2	1	1
354.209500E+0	8.880998E+1	1.943337E+2	1.000000E-6	8.082457E-5	-9.679540E-5	3.543040E+2	3.541150E+2	1	1
353.749000E+0	8.897978E+1	1.989337E+2	1.000000E-6	8.080571E-5	-9.715384E-5	3.538440E+2	3.536540E+2	1	1
353.286500E+0	8.918603E+1	2.035348E+2	1.000000E-6	8.098489E-5	-9.738718E-5	3.533820E+2	3.531910E+2	1	1
352.821500E+0	8.931452E+1	2.081357E+2	1.000000E-6	8.098486E-5	-9.764417E-5	3.529180E+2	3.527250E+2	1	1
352.357000E+0	8.966586E+1	2.127357E+2	1.000000E-6	8.127723E-5	-9.805448E-5	3.524530E+2	3.522610E+2	1	1
351.892000E+0	9.015979E+1	2.173350E+2	1.000000E-6	8.127016E-5	-9.904942E-5	3.519880E+2	3.517960E+2	1	1
351.429000E+0	9.053347E+1	2.219366E+2	1.000000E-6	8.178408E-5	-9.928286E-5	3.515250E+2	3.513330E+2	1	1
350.966500E+0	9.087063E+1	2.265362E+2	1.000000E-6	8.179350E-5	-9.994775E-5	3.510620E+2	3.508710E+2	1	1
350.504500E+0	9.151075E+1	2.311399E+2	1.000000E-6	8.262110E-5	-1.004004E-4	3.506000E+2	3.504090E+2	1	1
350.043000E+0	9.197514E+1	2.357383E+2	1.000000E-6	8.285679E-5	-1.010935E-4	3.501380E+2	3.499480E+2	1	1
349.582000E+0	9.247153E+1	2.403388E+2	1.000000E-6	8.308316E-5	-1.018599E-4	3.496770E+2	3.494870E+2	1	1
349.122000E+0	9.328026E+1	2.449401E+2	1.000000E-6	8.350993E-5	-1.030506E-4	3.492170E+2	3.490270E+2	1	1
348.661000E+0	9.393565E+1	2.495403E+2	1.000000E-6	8.415590E-5	-1.037154E-4	3.487560E+2	3.485660E+2	1	1
348.199500E+0	9.488938E+1	2.541404E+2	1.000000E-6	8.489385E-5	-1.048849E-4	3.482950E+2	3.481040E+2	1	1
347.738500E+0	9.574642E+1	2.587404E+2	1.000000E-6	8.574733E-5	-1.057455E-4	3.478340E+2	3.476430E+2	1	1
347.278000E+0	9.725532E+1	2.633426E+2	1.000000E-6	8.721614E-5	-1.072945E-4	3.473730E+2	3.471830E+2	1	1
346.817500E+0	9.860156E+1	2.679424E+2	1.000000E-6	8.841851E-5	-1.087846E-4	3.469130E+2	3.467220E+2	1	1
346.357000E+0	1.005290E+2	2.725426E+2	1.000000E-6	9.020091E-5	-1.108571E-4	3.464520E+2	3.462620E+2	1	1
345.897000E+0	1.025366E+2	2.771416E+2	1.000000E-6	9.200921E-5	-1.130639E-4	3.459920E+2	3.458020E+2	1	1
345.437500E+0	1.049780E+2	2.817412E+2	1.000000E-6	9.417351E-5	-1.157824E-4	3.455330E+2	3.453420E+2	1	1
344.977000E+0	1.081433E+2	2.863427E+2	1.000000E-6	9.714180E-5	-1.191447E-4	3.450720E+2	3.448820E+2	1	1
344.518000E+0	1.120877E+2	2.909428E+2	1.000000E-6	1.007396E-4	-1.234358E-4	3.446130E+2	3.444230E+2	1	1
344.058000E+0	1.165579E+2	2.955238E+2	1.000000E-6	1.048843E-4	-1.282315E-4	3.441530E+2	3.439630E+2	1	1
343.603000E+0	1.228459E+2	3.001090E+2	1.000000E-6	1.106747E-4	-1.350171E-4	3.437030E+2	3.435030E+2	1	1
343.143000E+0	1.313560E+2	3.046955E+2	1.000000E-6	1.185681E-4	-1.441439E-4	3.432430E+2	3.430430E+2	1	1
342.688000E+0	1.423736E+2	3.092834E+2	1.000000E-6	1.289489E-4	-1.557984E-4	3.427830E+2	3.425930E+2	1	1
342.228000E+0	1.582987E+2	3.138725E+2	1.000000E-6	1.433469E-4	-1.732505E-4	3.423230E+2	3.421330E+2	1	1
341.767000E+0	1.818865E+2	3.184742E+2	1.000000E-6	1.646554E-4	-1.991177E-4	3.418620E+2	3.416720E+2	1	1
341.306500E+0	2.197065E+2	3.230726E+2	1.000000E-6	1.985536E-4	-2.408595E-4	3.414020E+2	3.412110E+2	1	1
340.846000E+0	2.874614E+2	3.276776E+2	1.000000E-6	2.572402E-4	-3.176825E-4	3.409410E+2	3.407510E+2	1	1
340.386000E+0	4.296090E+2	3.322754E+2	1.000000E-6	3.737196E-4	-4.854985E-4	3.404810E+2	3.402910E+2	1	1
339.925000E+0	8.519158E+2	3.368740E+2	1.000000E-6	6.829086E-4	-1.020923E-3	3.400200E+2	3.398300E+2	1	1
339.464000E+0	2.897910E+3	3.414761E+2	1.000000E-6	2.044132E-3	-3.751687E-3	3.395590E+2	3.393690E+2	1	1
339.003500E+0	1.180333E+4	3.460758E+2	1.000000E-6	8.534979E-3	-1.507168E-2	3.390990E+2	3.389080E+2	1	1
338.503000E+0	4.564557E+4	3.514914E+2	1.000000E-6	3.716405E-2	-5.412709E-2	3.386380E+2	3.383680E+2	1	1
338.002000E+0	9.050855E+4	3.560922E+2	1.000000E-6	8.053801E-2	-1.004791E-1	3.380970E+2	3.379070E+2	1	1
337.542000E+0	1.399028E+5	3.606902E+2	1.000000E-6	1.290522E-1	-1.507534E-1	3.376370E+2	3.374470E+2	1	1
337.081000E+0	1.909699E+5	3.652927E+2	2.000000E-7	3.592816E-2	-4.045981E-2	3.371760E+2	3.369860E+2	1	1
336.620500E+0	2.390744E+5	3.698935E+2	2.000000E-7	4.602015E-2	-4.960961E-2	3.367160E+2	3.365250E+2	1	1
336.159000E+0	2.817002E+5	3.744914E+2	2.000000E-7	5.474638E-2	-5.793370E-2	3.362540E+2	3.360640E+2	1	1
335.697500E+0	3.196921E+5	3.790948E+2	2.000000E-7	6.252092E-2	-6.535593E-2	3.357930E+2	3.356020E+2	1	1
335.235500E+0	3.538439E+5	3.836937E+2	2.000000E-7	6.952700E-2	-7.201056E-2	3.353310E+2	3.351400E+2	1	1
334.773000E+0	3.842458E+5	3.882957E+2	2.000000E-7	7.569842E-2	-7.799990E-2	3.348680E+2	3.346780E+2	1	1
334.312000E+0	4.109936E+5	3.928960E+2	2.000000E-7	8.126567E-2	-8.313175E-2	3.344070E+2	3.342170E+2	1	1
333.851000E+0	4.342239E+5	3.974958E+2	2.000000E-7	8.604255E-2	-8.764702E-2	3.339460E+2	3.337560E+2	1	1
333.391500E+0	4.548997E+5	4.020947E+2	2.000000E-7	9.026542E-2	-9.169445E-2	3.334860E+2	3.332970E+2	1	1
332.932500E+0	4.738674E+5	4.066986E+2	2.000000E-7	9.413115E-2	-9.541582E-2	3.330270E+2	3.328380E+2	1	1
332.474000E+0	4.911836E+5	4.112976E+2	2.000000E-7	9.764659E-2	-9.882684E-2	3.325690E+2	3.323790E+2	1	1
332.015500E+0	5.074748E+5	4.158972E+2	2.000000E-7	1.009455E-1	-1.020444E-1	3.321100E+2	3.319210E+2	1	1
331.537000E+0	5.239160E+5	4.208903E+2	4.000000E-8	2.091188E-2	-2.100140E-2	3.316520E+2	3.314220E+2	1	1
331.038000E+0	5.397342E+5	4.258799E+2	4.000000E-8	2.155329E-2	-2.162545E-2	3.311530E+2	3.309230E+2	1	1
330.538500E+0	5.548522E+5	4.308800E+2	4.000000E-8	2.216442E-2	-2.222376E-2	3.306530E+2	3.304240E+2	1	1
330.040000E+0	5.693948E+5	4.358655E+2	4.000000E-8	2.274982E-2	-2.280176E-2	3.301550E+2	3.299250E+2	1	1
329.541000E+0	5.837805E+5	4.408676E+2	4.000000E-8	2.332916E-2	-2.337328E-2	3.296560E+2	3.294260E+2	1	1
329.042500E+0	5.975902E+5	4.458560E+2	4.000000E-8	2.388245E-2	-2.392477E-2	3.291570E+2	3.289280E+2	1	1
328.544500E+0	6.111182E+5	4.508375E+2	4.000000E-8	2.442525E-2	-2.446421E-2	3.286590E+2	3.284300E+2	1	1
328.051500E+0	6.245242E+5	4.558176E+2	4.000000E-8	2.496073E-2	-2.500121E-2	3.281710E+2	3.279320E+2	1	1
327.558000E+0	6.380526E+5	4.607973E+2	4.000000E-8	2.550085E-2	-2.554336E-2	3.276730E+2	3.274430E+2	1	1
327.059500E+0	6.513415E+5	4.657847E+2	4.000000E-8	2.603454E-2	-2.607278E-2	3.271740E+2	3.269450E+2	1	1
326.561000E+0	6.646029E+5	4.707683E+2	4.000000E-8	2.656286E-2	-2.660537E-2	3.266760E+2	3.264460E+2	1	1
326.062000E+0	6.779161E+5	4.757592E+2	4.000000E-8	2.709620E-2	-2.713709E-2	3.261770E+2	3.259470E+2	1	1
325.563500E+0	6.912362E+5	4.807576E+2	4.000000E-8	2.762799E-2	-2.767091E-2	3.256780E+2	3.254490E+2	1	1
325.064000E+0	7.046617E+5	4.857355E+2	4.000000E-8	2.816346E-2	-2.820948E-2	3.251790E+2	3.249490E+2	1	1
324.570000E+0	7.181514E+5	4.907160E+2	4.000000E-8	2.870024E-2	-2.875187E-2	3.246900E+2	3.244500E+2	1	1
324.076000E+0	7.317131E+5	4.956991E+2	4.000000E-8	2.924171E-2	-2.929534E-2	3.241910E+2	3.239610E+2	1	1
323.577000E+0	7.454355E+5	5.006881E+2	4.000000E-8	2.978947E-2	-2.984537E-2	3.236920E+2	3.234620E+2	1	1
323.077500E+0	7.592900E+5	5.056738E+2	4.000000E-8	3.033913E-2	-3.040407E-2	3.231920E+2	3.229630E+2	1	1
322.578000E+0	7.733919E+5	5.106747E+2	4.000000E-8	3.090207E-2	-3.096928E-2	3.226930E+2	3.224630E+2	1	1
322.078000E+0	7.876347E+5	5.156737E+2	4.000000E-8	3.146859E-2	-3.154219E-2	3.221930E+2	3.219630E+2	1	1
321.577000E+0	8.020805E+5	5.206735E+2	4.000000E-8	3.204405E-2	-3.212239E-2	3.216920E+2	3.214620E+2	1	1
321.077000E+0	8.166851E+5	5.256637E+2	4.000000E-8	3.262494E-2	-3.270987E-2	3.211920E+2	3.209620E+2	1	1
320.577000E+0	8.315045E+5	5.306610E+2	4.000000E-8	3.321412E-2	-3.330624E-2	3.206920E+2	3.204620E+2	1	1
320.078000E+0	8.465110E+5	5.356625E+2	4.000000E-8	3.381293E-2	-3.390795E-2	3.201930E+2	3.199630E+2	1	1
319.578500E+0	8.616490E+5	5.406638E+2	4.000000E-8	3.441283E-2	-3.451909E-2	3.196930E+2	3.194640E+2	1	1
319.079500E+0	8.770386E+5	5.456637E+2	4.000000E-8	3.502735E-2	-3.513574E-2	3.191940E+2	3.189650E+2	1	1
318.581500E+0	8.926345E+5	5.506638E+2	4.000000E-8	3.564860E-2	-3.576216E-2	3.186960E+2	3.184670E+2	1	1
318.082500E+0	9.083886E+5	5.556431E+2	4.000000E-8	3.627435E-2	-3.639674E-2	3.181970E+2	3.179680E+2	1	1
317.589000E+0	9.243844E+5	5.606269E+2	4.000000E-8	3.691096E-2	-3.703979E-2	3.177090E+2	3.174690E+2	1	1
317.095000E+0	9.407462E+5	5.656072E+2	4.000000E-8	3.755742E-2	-3.770228E-2	3.172100E+2	3.169800E+2	1	1
316.596000E+0	9.573951E+5	5.705937E+2	4.000000E-8	3.822356E-2	-3.836805E-2	3.167110E+2	3.164810E+2	1	1
316.096000E+0	9.742122E+5	5.755979E+2	4.000000E-8	3.889461E-2	-3.904237E-2	3.162110E+2	3.159810E+2	1	1
315.596000E+0	9.913508E+5	5.805982E+2	4.000000E-8	3.957500E-2	-3.973306E-2	3.157110E+2	3.154810E+2	1	1
315.096000E+0	1.008804E+6	5.855971E+2	4.000000E-8	4.027046E-2	-4.043386E-2	3.152110E+2	3.149810E+2	1	1
314.600000E+0	1.026501E+6	5.905989E+2	4.000000E-8	4.097280E-2	-4.114728E-2	3.147140E+2	3.144860E+2	1	1
314.105000E+0	1.044582E+6	5.955966E+2	4.000000E-8	4.168958E-2	-4.187702E-2	3.142190E+2	3.139910E+2	1	1
313.608500E+0	1.063024E+6	6.005975E+2	4.000000E-8	4.242452E-2	-4.261736E-2	3.137230E+2	3.134940E+2	1	1
313.109000E+0	1.081774E+6	6.055976E+2	4.000000E-8	4.317043E-2	-4.337146E-2	3.132240E+2	3.129940E+2	1	1
312.609000E+0	1.100910E+6	6.105995E+2	4.000000E-8	4.393328E-2	-4.413956E-2	3.127240E+2	3.124940E+2	1	1
312.107500E+0	1.120427E+6	6.155981E+2	4.000000E-8	4.470686E-2	-4.492731E-2	3.122230E+2	3.119920E+2	1	1
311.606500E+0	1.140164E+6	6.205857E+2	4.000000E-8	4.549371E-2	-4.571937E-2	3.117220E+2	3.114910E+2	1	1
311.104500E+0	1.160274E+6	6.255737E+2	4.000000E-8	4.629327E-2	-4.652864E-2	3.112200E+2	3.109890E+2	1	1
310.603000E+0	1.180777E+6	6.305715E+2	4.000000E-8	4.710922E-2	-4.735292E-2	3.107180E+2	3.104880E+2	1	1
310.102500E+0	1.201600E+6	6.355555E+2	4.000000E-8	4.793962E-2	-4.818837E-2	3.102180E+2	3.099870E+2	1	1
309.607000E+0	1.222637E+6	6.405353E+2	4.000000E-8	4.877525E-2	-4.903573E-2	3.097270E+2	3.094870E+2	1	1
309.112000E+0	1.244040E+6	6.455166E+2	4.000000E-8	4.962782E-2	-4.989541E-2	3.092270E+2	3.089970E+2	1	1
308.612000E+0	1.265862E+6	6.505142E+2	4.000000E-8	5.049509E-2	-5.077385E-2	3.087270E+2	3.084970E+2	1	1
308.112500E+0	1.288024E+6	6.555015E+2	4.000000E-8	5.137688E-2	-5.166502E-2	3.082270E+2	3.079980E+2	1	1
307.613000E+0	1.310574E+6	6.604890E+2	4.000000E-8	5.227514E-2	-5.257079E-2	3.077280E+2	3.074980E+2	1	1
307.114000E+0	1.333549E+6	6.654748E+2	4.000000E-8	5.318720E-2	-5.349671E-2	3.072290E+2	3.069990E+2	1	1
306.614500E+0	1.356891E+6	6.704579E+2	4.000000E-8	5.411911E-2	-5.443218E-2	3.067290E+2	3.065000E+2	1	1
306.120000E+0	1.380564E+6	6.754379E+2	4.000000E-8	5.506099E-2	-5.538409E-2	3.062400E+2	3.060000E+2	1	1
305.625000E+0	1.404654E+6	6.804193E+2	4.000000E-8	5.601897E-2	-5.635339E-2	3.057400E+2	3.055100E+2	1	1
305.125500E+0	1.429221E+6	6.854046E+2	4.000000E-8	5.699604E-2	-5.734164E-2	3.052400E+2	3.050110E+2	1	1
304.626000E+0	1.454362E+6	6.904064E+2	4.000000E-8	5.799582E-2	-5.835314E-2	3.047410E+2	3.045110E+2	1	1
304.126500E+0	1.479922E+6	6.954088E+2	4.000000E-8	5.901386E-2	-5.937993E-2	3.042410E+2	3.040120E+2	1	1
303.627000E+0	1.505851E+6	7.003930E+2	4.000000E-8	6.004551E-2	-6.042258E-2	3.037420E+2	3.035120E+2	1	1
303.127000E+0	1.532315E+6	7.053956E+2	4.000000E-8	6.109693E-2	-6.148828E-2	3.032420E+2	3.030120E+2	1	1
302.626000E+0	1.559311E+6	7.103938E+2	4.000000E-8	6.217224E-2	-6.257261E-2	3.027410E+2	3.025110E+2	1	1
302.126000E+0	1.586716E+6	7.153948E+2	4.000000E-8	6.326150E-2	-6.367581E-2	3.022410E+2	3.020110E+2	1	1
301.625500E+0	1.614782E+6	7.203982E+2	4.000000E-8	6.437878E-2	-6.480379E-2	3.017410E+2	3.015100E+2	1	1
301.125000E+0	1.643224E+6	7.253969E+2	4.000000E-8	6.551120E-2	-6.594670E-2	3.012400E+2	3.010100E+2	1	1
300.625000E+0	1.672206E+6	7.303972E+2	4.000000E-8	6.666406E-2	-6.711240E-2	3.007400E+2	3.005100E+2	1	1
300.124000E+0	1.701713E+6	7.353947E+2	4.000000E-8	6.783565E-2	-6.830139E-2	3.002390E+2	3.000090E+2	1	1
299.623000E+0	1.731871E+6	7.403985E+2	4.000000E-8	6.903628E-2	-6.951337E-2	2.997380E+2	2.995080E+2	1	1
299.121500E+0	1.762525E+6	7.454007E+2	4.000000E-8	7.025726E-2	-7.074477E-2	2.992370E+2	2.990060E+2	1	1
298.619500E+0	1.793856E+6	7.504015E+2	4.000000E-8	7.150441E-2	-7.200406E-2	2.987350E+2	2.985040E+2	1	1
298.117000E+0	1.825711E+6	7.554004E+2	4.000000E-8	7.277414E-2	-7.328270E-2	2.982320E+2	2.980020E+2	1	1
297.615500E+0	1.858042E+6	7.603996E+2	4.000000E-8	7.406019E-2	-7.458320E-2	2.977310E+2	2.975000E+2	1	1
297.115000E+0	1.890960E+6	7.653877E+2	4.000000E-8	7.536872E-2	-7.590809E-2	2.972300E+2	2.970000E+2	1	1
296.614000E+0	1.924556E+6	7.703879E+2	4.000000E-8	7.671000E-2	-7.725447E-2	2.967290E+2	2.964990E+2	1	1
296.114000E+0	1.958684E+6	7.753897E+2	4.000000E-8	7.806540E-2	-7.862931E-2	2.962290E+2	2.959990E+2	1	1
295.613500E+0	1.993491E+6	7.803899E+2	4.000000E-8	7.944746E-2	-8.003186E-2	2.957290E+2	2.954980E+2	1	1
295.112500E+0	2.028945E+6	7.853698E+2	4.000000E-8	8.085890E-2	-8.145674E-2	2.952280E+2	2.949970E+2	1	1
294.615500E+0	2.064990E+6	7.903474E+2	4.000000E-8	8.229286E-2	-8.290637E-2	2.947360E+2	2.944950E+2	1	1
294.118500E+0	2.101814E+6	7.953318E+2	4.000000E-8	8.375867E-2	-8.438644E-2	2.942340E+2	2.940030E+2	1	1
293.616500E+0	2.139238E+6	8.003187E+2	4.000000E-8	8.525095E-2	-8.588807E-2	2.937320E+2	2.935010E+2	1	1
293.115500E+0	2.177304E+6	8.053036E+2	4.000000E-8	8.676294E-2	-8.742140E-2	2.932310E+2	2.930000E+2	1	1
292.615000E+0	2.216276E+6	8.103035E+2	4.000000E-8	8.831463E-2	-8.898744E-2	2.927300E+2	2.925000E+2	1	1
292.113500E+0	2.255950E+6	8.152937E+2	4.000000E-8	8.989542E-2	-9.058062E-2	2.922290E+2	2.919980E+2	1	1
291.612000E+0	2.296415E+6	8.202916E+2	4.000000E-8	9.150542E-2	-9.220777E-2	2.917270E+2	2.914970E+2	1	1
291.111000E+0	2.337442E+6	8.252727E+2	4.000000E-8	9.313578E-2	-9.385956E-2	2.912260E+2	2.909960E+2	1	1
290.615500E+0	2.379144E+6	8.302489E+2	4.000000E-8	9.479725E-2	-9.553429E-2	2.907360E+2	2.904950E+2	1	1
290.121000E+0	2.421534E+6	8.352346E+2	4.000000E-8	9.649597E-2	-9.722672E-2	2.902360E+2	2.900060E+2	1	1
289.825000E+0	2.449905E+6	9.087480E+2	4.000000E-8	9.813324E-2	-9.785917E-2	2.898180E+2	2.898320E+2	1	2
289.893000E+0	2.442235E+6	9.137433E+2	4.000000E-8	9.815745E-2	-9.722133E-2	2.898620E+2	2.899240E+2	1	2
290.137000E+0	2.420630E+6	9.187445E+2	4.000000E-8	9.746145E-2	-9.618896E-2	2.900540E+2	2.902200E+2	1	2
290.620000E+0	2.379231E+6	9.237312E+2	4.000000E-8	9.583928E-2	-9.449922E-2	2.904820E+2	2.907580E+2	1	2
291.292500E+0	2.325045E+6	9.287162E+2	4.000000E-8	9.364314E-2	-9.236043E-2	2.911250E+2	2.914600E+2	1	2
292.033500E+0	2.267134E+6	9.337173E+2	4.000000E-8	9.126712E-2	-9.010359E-2	2.918640E+2	2.922030E+2	1	2
292.728000E+0	2.215105E+6	9.387163E+2	4.000000E-8	8.910877E-2	-8.809960E-2	2.925800E+2	2.928760E+2	1	2
293.319000E+0	2.170989E+6	9.437045E+2	4.000000E-8	8.728167E-2	-8.639742E-2	2.931940E+2	2.934440E+2	1	2
293.829500E+0	2.132682E+6	9.486844E+2	4.000000E-8	8.571814E-2	-8.489646E-2	2.937180E+2	2.939410E+2	1	2
294.306000E+0	2.096742E+6	9.536688E+2	4.000000E-8	8.428288E-2	-8.345646E-2	2.941900E+2	2.944220E+2	1	2
294.807000E+0	2.059805E+6	9.586504E+2	4.000000E-8	8.282639E-2	-8.195801E-2	2.946860E+2	2.949280E+2	1	2
295.347500E+0	2.021707E+6	9.636353E+2	4.000000E-8	8.130550E-2	-8.043107E-2	2.952210E+2	2.954740E+2	1	2
295.898000E+0	1.983977E+6	9.686201E+2	4.000000E-8	7.978677E-2	-7.893135E-2	2.957720E+2	2.960240E+2	1	2
296.436500E+0	1.947869E+6	9.736082E+2	4.000000E-8	7.832645E-2	-7.750305E-2	2.963150E+2	2.965580E+2	1	2
296.955500E+0	1.913470E+6	9.785871E+2	4.000000E-8	7.693726E-2	-7.614034E-2	2.968380E+2	2.970730E+2	1	2
297.459000E+0	1.880280E+6	9.835653E+2	4.000000E-8	7.560700E-2	-7.481537E-2	2.973370E+2	2.975810E+2	1	2
297.965000E+0	1.847567E+6	9.885495E+2	4.000000E-8	7.429624E-2	-7.350913E-2	2.978470E+2	2.980830E+2	1	2
298.478000E+0	1.815228E+6	9.935501E+2	4.000000E-8	7.300063E-2	-7.221764E-2	2.983600E+2	2.985960E+2	1	2
298.992500E+0	1.783430E+6	9.985404E+2	4.000000E-8	7.172398E-2	-7.095040E-2	2.988740E+2	2.991110E+2	1	2
299.508000E+0	1.752309E+6	1.003523E+3	4.000000E-8	7.047255E-2	-6.971219E-2	2.993900E+2	2.996260E+2	1	2
300.020500E+0	1.721755E+6	1.008524E+3	4.000000E-8	6.924640E-2	-6.849398E-2	2.999030E+2	3.001380E+2	1	2
300.530000E+0	1.691940E+6	1.013525E+3	4.000000E-8	6.804814E-2	-6.730708E-2	3.004130E+2	3.006470E+2	1	2
301.036500E+0	1.662803E+6	1.018526E+3	4.000000E-8	6.688085E-2	-6.614336E-2	3.009200E+2	3.011530E+2	1	2
301.541000E+0	1.634366E+6	1.023514E+3	4.000000E-8	6.573786E-2	-6.501140E-2	3.014250E+2	3.016570E+2	1	2
302.046000E+0	1.606385E+6	1.028494E+3	4.000000E-8	6.461644E-2	-6.389436E-2	3.019300E+2	3.021620E+2	1	2
302.545000E+0	1.578920E+6	1.033479E+3	4.000000E-8	6.351585E-2	-6.279773E-2	3.024240E+2	3.026660E+2	1	2
303.045500E+0	1.551913E+6	1.038460E+3	4.000000E-8	6.243237E-2	-6.172070E-2	3.029290E+2	3.031620E+2	1	2
303.552500E+0	1.525191E+6	1.043459E+3	4.000000E-8	6.135865E-2	-6.065666E-2	3.034360E+2	3.036690E+2	1	2
304.059500E+0	1.498927E+6	1.048459E+3	4.000000E-8	6.030536E-2	-5.960880E-2	3.039430E+2	3.041760E+2	1	2
304.565500E+0	1.473230E+6	1.053447E+3	4.000000E-8	5.927606E-2	-5.858237E-2	3.044490E+2	3.046820E+2	1	2
305.071500E+0	1.447933E+6	1.058445E+3	4.000000E-8	5.825920E-2	-5.757546E-2	3.049550E+2	3.051880E+2	1	2
305.578500E+0	1.423085E+6	1.063430E+3	4.000000E-8	5.726351E-2	-5.658332E-2	3.054620E+2	3.056950E+2	1	2
306.085500E+0	1.398619E+6	1.068417E+3	4.000000E-8	5.628362E-2	-5.560591E-2	3.059690E+2	3.062020E+2	1	2
306.594000E+0	1.374435E+6	1.073418E+3	4.000000E-8	5.531363E-2	-5.464114E-2	3.064770E+2	3.067110E+2	1	2
307.103000E+0	1.350628E+6	1.078420E+3	4.000000E-8	5.435866E-2	-5.369162E-2	3.069860E+2	3.072200E+2	1	2
307.612000E+0	1.327336E+6	1.083399E+3	4.000000E-8	5.342320E-2	-5.276366E-2	3.074950E+2	3.077290E+2	1	2
308.113000E+0	1.304622E+6	1.088379E+3	4.000000E-8	5.250976E-2	-5.185998E-2	3.079920E+2	3.082340E+2	1	2
308.610000E+0	1.282444E+6	1.093360E+3	4.000000E-8	5.161954E-2	-5.097597E-2	3.084950E+2	3.087250E+2	1	2
309.109500E+0	1.260774E+6	1.098348E+3	4.000000E-8	5.075058E-2	-5.011131E-2	3.089950E+2	3.092240E+2	1	2
309.607000E+0	1.239395E+6	1.103349E+3	4.000000E-8	4.989352E-2	-4.925808E-2	3.094920E+2	3.097220E+2	1	2
310.106000E+0	1.218403E+6	1.108335E+3	4.000000E-8	4.905109E-2	-4.842112E-2	3.099910E+2	3.102210E+2	1	2
310.607500E+0	1.197719E+6	1.113335E+3	4.000000E-8	4.822210E-2	-4.759543E-2	3.104920E+2	3.107230E+2	1	2
311.110000E+0	1.177335E+6	1.118324E+3	4.000000E-8	4.740486E-2	-4.678193E-2	3.109940E+2	3.112260E+2	1	2
311.614000E+0	1.157329E+6	1.123304E+3	4.000000E-8	4.660377E-2	-4.598257E-2	3.114980E+2	3.117300E+2	1	2
312.112500E+0	1.137616E+6	1.128285E+3	4.000000E-8	4.581356E-2	-4.519570E-2	3.119920E+2	3.122330E+2	1	2
312.610000E+0	1.118298E+6	1.133266E+3	4.000000E-8	4.503796E-2	-4.442589E-2	3.124950E+2	3.127250E+2	1	2
313.110000E+0	1.099374E+6	1.138264E+3	4.000000E-8	4.427775E-2	-4.367214E-2	3.129950E+2	3.132250E+2	1	2
313.608500E+0	1.080789E+6	1.143251E+3	4.000000E-8	4.353267E-2	-4.293046E-2	3.134940E+2	3.137230E+2	1	2
314.107000E+0	1.062562E+6	1.148238E+3	4.000000E-8	4.280183E-2	-4.220316E-2	3.139920E+2	3.142220E+2	1	2
314.606500E+0	1.044489E+6	1.153238E+3	4.000000E-8	4.207782E-2	-4.148129E-2	3.144910E+2	3.147220E+2	1	2
315.108500E+0	1.026781E+6	1.158240E+3	4.000000E-8	4.136665E-2	-4.077582E-2	3.149920E+2	3.152250E+2	1	2
315.614500E+0	1.009342E+6	1.163241E+3	4.000000E-8	4.066757E-2	-4.007978E-2	3.154980E+2	3.157310E+2	1	2
316.119500E+0	9.922934E+5	1.168228E+3	4.000000E-8	3.998331E-2	-3.940016E-2	3.160040E+2	3.162350E+2	1	2
316.620500E+0	9.757075E+5	1.173208E+3	4.000000E-8	3.931793E-2	-3.873867E-2	3.165060E+2	3.167350E+2	1	2
317.113500E+0	9.594380E+5	1.178190E+3	4.000000E-8	3.866499E-2	-3.809005E-2	3.169940E+2	3.172330E+2	1	2
317.604000E+0	9.435380E+5	1.183170E+3	4.000000E-8	3.802722E-2	-3.745582E-2	3.174900E+2	3.177180E+2	1	2
318.099000E+0	9.278438E+5	1.188170E+3	4.000000E-8	3.739867E-2	-3.682883E-2	3.179850E+2	3.182130E+2	1	2
318.596500E+0	9.123938E+5	1.193158E+3	4.000000E-8	3.677948E-2	-3.621202E-2	3.184820E+2	3.187110E+2	1	2
319.095000E+0	8.970046E+5	1.198160E+3	4.000000E-8	3.616414E-2	-3.559623E-2	3.189800E+2	3.192100E+2	1	2
319.596500E+0	8.818759E+5	1.203157E+3	4.000000E-8	3.555677E-2	-3.499330E-2	3.194810E+2	3.197120E+2	1	2
320.098000E+0	8.670564E+5	1.208144E+3	4.000000E-8	3.496251E-2	-3.440200E-2	3.199830E+2	3.202130E+2	1	2
320.599000E+0	8.524644E+5	1.213135E+3	4.000000E-8	3.437874E-2	-3.381841E-2	3.204840E+2	3.207140E+2	1	2
321.097500E+0	8.381174E+5	1.218134E+3	4.000000E-8	3.380382E-2	-3.324557E-2	3.209830E+2	3.212120E+2	1	2
321.595500E+0	8.239385E+5	1.223135E+3	4.000000E-8	3.323540E-2	-3.267968E-2	3.214810E+2	3.217100E+2	1	2
322.093500E+0	8.100188E+5	1.228134E+3	4.000000E-8	3.267879E-2	-3.212271E-2	3.219790E+2	3.222080E+2	1	2
322.592500E+0	7.963054E+5	1.233136E+3	4.000000E-8	3.212862E-2	-3.157581E-2	3.224780E+2	3.227070E+2	1	2
323.092000E+0	7.828246E+5	1.238137E+3	4.000000E-8	3.158875E-2	-3.103722E-2	3.229770E+2	3.232070E+2	1	2
323.593000E+0	7.694941E+5	1.243117E+3	4.000000E-8	3.105484E-2	-3.050469E-2	3.234780E+2	3.237080E+2	1	2
324.089000E+0	7.563792E+5	1.248097E+3	4.000000E-8	3.052916E-2	-2.998118E-2	3.239690E+2	3.242090E+2	1	2
324.585000E+0	7.434844E+5	1.253080E+3	4.000000E-8	3.001276E-2	-2.946599E-2	3.244700E+2	3.247000E+2	1	2
325.086000E+0	7.307680E+5	1.258079E+3	4.000000E-8	2.950328E-2	-2.895816E-2	3.249710E+2	3.252010E+2	1	2
325.586000E+0	7.182689E+5	1.263068E+3	4.000000E-8	2.900261E-2	-2.845890E-2	3.254710E+2	3.257010E+2	1	2
326.086000E+0	7.058595E+5	1.268067E+3	4.000000E-8	2.850574E-2	-2.796302E-2	3.259710E+2	3.262010E+2	1	2
326.586000E+0	6.937135E+5	1.273055E+3	4.000000E-8	2.802086E-2	-2.747622E-2	3.264710E+2	3.267010E+2	1	2
327.086000E+0	6.817535E+5	1.278040E+3	4.000000E-8	2.754014E-2	-2.700014E-2	3.269710E+2	3.272010E+2	1	2
327.586000E+0	6.699095E+5	1.283017E+3	4.000000E-8	2.706736E-2	-2.652540E-2	3.274710E+2	3.277010E+2	1	2
328.081000E+0	6.582844E+5	1.287998E+3	4.000000E-8	2.660127E-2	-2.606148E-2	3.279610E+2	3.282010E+2	1	2
328.577000E+0	6.467468E+5	1.292981E+3	4.000000E-8	2.614024E-2	-2.559950E-2	3.284620E+2	3.286920E+2	1	2
329.078500E+0	6.353105E+5	1.297970E+3	4.000000E-8	2.568387E-2	-2.514097E-2	3.289630E+2	3.291940E+2	1	2
329.580500E+0	6.240284E+5	1.302956E+3	4.000000E-8	2.523048E-2	-2.469179E-2	3.294650E+2	3.296960E+2	1	2
330.082500E+0	6.128528E+5	1.307943E+3	4.000000E-8	2.478354E-2	-2.424468E-2	3.299670E+2	3.301980E+2	1	2
330.583500E+0	6.018338E+5	1.312920E+3	4.000000E-8	2.434423E-2	-2.380247E-2	3.304680E+2	3.306990E+2	1	2
331.079500E+0	5.909305E+5	1.317900E+3	4.000000E-8	2.390626E-2	-2.336818E-2	3.309590E+2	3.312000E+2	1	2
331.575000E+0	5.801809E+5	1.322886E+3	4.000000E-8	2.347633E-2	-2.293814E-2	3.314600E+2	3.316900E+2	1	2
332.074000E+0	5.694934E+5	1.327876E+3	4.000000E-8	2.304933E-2	-2.251014E-2	3.319590E+2	3.321890E+2	1	2
332.573500E+0	5.588388E+5	1.332876E+3	4.000000E-8	2.262379E-2	-2.208331E-2	3.324590E+2	3.326880E+2	1	2
333.073000E+0	5.482405E+5	1.337873E+3	4.000000E-8	2.220012E-2	-2.165912E-2	3.329580E+2	3.331880E+2	1	2
333.573500E+0	5.376310E+5	1.342860E+3	4.000000E-8	2.177567E-2	-2.123481E-2	3.334580E+2	3.336890E+2	1	2
334.074000E+0	5.270616E+5	1.347850E+3	4.000000E-8	2.135400E-2	-2.081093E-2	3.339590E+2	3.341890E+2	1	2
334.575000E+0	5.164657E+5	1.352830E+3	4.000000E-8	2.093078E-2	-2.038648E-2	3.344600E+2	3.346900E+2	1	2
335.070500E+0	5.050926E+5	1.357812E+3	4.000000E-8	2.050161E-2	-1.990580E-2	3.349500E+2	3.351910E+2	1	2
335.621000E+0	4.935654E+5	1.363302E+3	4.000000E-8	2.001550E-2	-1.946973E-2	3.355010E+2	3.357410E+2	1	2
336.116000E+0	4.824656E+5	1.368292E+3	4.000000E-8	1.957531E-2	-1.902194E-2	3.360010E+2	3.362310E+2	1	2
336.616000E+0	4.710506E+5	1.373291E+3	4.000000E-8	1.912041E-2	-1.856364E-2	3.365010E+2	3.367310E+2	1	2
337.115000E+0	4.592888E+5	1.378290E+3	4.000000E-8	1.865416E-2	-1.808894E-2	3.370000E+2	3.372300E+2	1	2
337.615000E+0	4.469012E+5	1.383282E+3	4.000000E-8	1.816558E-2	-1.758652E-2	3.375000E+2	3.377300E+2	1	2
338.115000E+0	4.337275E+5	1.388278E+3	4.000000E-8	1.764649E-2	-1.705171E-2	3.380000E+2	3.382300E+2	1	2
338.616000E+0	4.195687E+5	1.393267E+3	4.000000E-8	1.708831E-2	-1.647719E-2	3.385010E+2	3.387310E+2	1	2
339.116000E+0	4.039511E+5	1.398254E+3	4.000000E-8	1.647856E-2	-1.583753E-2	3.390010E+2	3.392310E+2	1	2
339.616000E+0	3.865759E+5	1.403236E+3	4.000000E-8	1.579716E-2	-1.512891E-2	3.395010E+2	3.397310E+2	1	2
340.112000E+0	3.668339E+5	1.408216E+3	4.000000E-8	1.502664E-2	-1.432007E-2	3.399920E+2	3.402320E+2	1	2
340.608000E+0	3.442590E+5	1.413201E+3	4.000000E-8	1.415027E-2	-1.339045E-2	3.404930E+2	3.407230E+2	1	2
341.109000E+0	3.180352E+5	1.418196E+3	4.000000E-8	1.312779E-2	-1.231503E-2	3.409940E+2	3.412240E+2	1	2
341.610500E+0	2.879676E+5	1.423180E+3	4.000000E-8	1.195417E-2	-1.108324E-2	3.414950E+2	3.417260E+2	1	2
342.111500E+0	2.536274E+5	1.428168E+3	4.000000E-8	1.060696E-2	-9.683236E-3	3.419960E+2	3.422270E+2	1	2
342.613000E+0	2.157004E+5	1.433166E+3	4.000000E-8	9.106175E-3	-8.149860E-3	3.424980E+2	3.427280E+2	1	2
343.136000E+0	1.699502E+5	1.438579E+3	2.000000E-7	3.567813E-2	-3.230197E-2	3.430000E+2	3.432720E+2	1	2
343.640000E+0	1.322518E+5	1.443177E+3	2.000000E-7	2.809358E-2	-2.480713E-2	3.435440E+2	3.437360E+2	1	2
344.103500E+0	9.436780E+4	1.447775E+3	2.000000E-7	2.071710E-2	-1.703002E-2	3.440080E+2	3.441990E+2	1	2
344.605500E+0	6.003530E+4	1.452775E+3	2.000000E-7	1.332619E-2	-1.068793E-2	3.445100E+2	3.447010E+2	1	2
345.065500E+0	3.314135E+4	1.457377E+3	2.000000E-7	7.615419E-3	-5.641119E-3	3.449710E+2	3.451600E+2	1	2
345.523500E+0	1.480097E+4	1.461978E+3	1.000000E-6	1.732619E-2	-1.227575E-2	3.454290E+2	3.456180E+2	1	2
345.979000E+0	6.401091E+3	1.466577E+3	1.000000E-6	7.556392E-3	-5.245790E-3	3.458850E+2	3.460730E+2	1	2
346.434500E+0	2.575798E+3	1.471180E+3	1.000000E-6	3.082344E-3	-2.069251E-3	3.463400E+2	3.465290E+2	1	2
346.891500E+0	1.036417E+3	1.475780E+3	1.000000E-6	1.209365E-3	-8.634697E-4	3.467970E+2	3.469860E+2	1	2
347.350000E+0	5.249416E+2	1.480379E+3	1.000000E-6	5.819378E-4	-4.679453E-4	3.472550E+2	3.474450E+2	1	2
347.810500E+0	3.355138E+2	1.484981E+3	1.000000E-6	3.589706E-4	-3.120569E-4	3.477150E+2	3.479060E+2	1	2
348.272500E+0	2.466992E+2	1.489585E+3	1.000000E-6	2.580868E-4	-2.353116E-4	3.481770E+2	3.483680E+2	1	2
348.734000E+0	1.978394E+2	1.494180E+3	1.000000E-6	2.038372E-4	-1.918417E-4	3.486390E+2	3.488290E+2	1	2
349.195000E+0	1.677752E+2	1.498782E+3	1.000000E-6	1.712027E-4	-1.643477E-4	3.491000E+2	3.492900E+2	1	2
349.655000E+0	1.481250E+2	1.503383E+3	1.000000E-6	1.497387E-4	-1.465113E-4	3.495600E+2	3.497500E+2	1	2
350.114500E+0	1.345823E+2	1.507983E+3	1.000000E-6	1.355621E-4	-1.336025E-4	3.500200E+2	3.502090E+2	1	2
350.573000E+0	1.246918E+2	1.512583E+3	1.000000E-6	1.251319E-4	-1.242516E-4	3.504780E+2	3.506680E+2	1	2
351.031500E+0	1.176800E+2	1.517184E+3	1.000000E-6	1.177666E-4	-1.175933E-4	3.509370E+2	3.511260E+2	1	2
351.490500E+0	1.119826E+2	1.521784E+3	1.000000E-6	1.118324E-4	-1.121327E-4	3.513960E+2	3.515850E+2	1	2
351.949500E+0	1.076184E+2	1.526384E+3	1.000000E-6	1.076759E-4	-1.075610E-4	3.518550E+2	3.520440E+2	1	2
352.409000E+0	1.044048E+2	1.530985E+3	1.000000E-6	1.040969E-4	-1.047128E-4	3.523140E+2	3.525040E+2	1	2
352.869000E+0	1.014931E+2	1.535584E+3	1.000000E-6	1.011357E-4	-1.018505E-4	3.527740E+2	3.529640E+2	1	2
353.328000E+0	9.938415E+1	1.540185E+3	1.000000E-6	9.923310E-5	-9.953519E-5	3.532330E+2	3.534230E+2	1	2
353.788000E+0	9.746257E+1	1.544786E+3	1.000000E-6	9.725028E-5	-9.767485E-5	3.536930E+2	3.538830E+2	1	2
354.248000E+0	9.588526E+1	1.549383E+3	1.000000E-6	9.574376E-5	-9.602676E-5	3.541530E+2	3.543430E+2	1	2
354.708500E+0	9.450605E+1	1.553986E+3	1.000000E-6	9.467814E-5	-9.433395E-5	3.546130E+2	3.548040E+2	1	2
355.171000E+0	9.338495E+1	1.558589E+3	1.000000E-6	9.358417E-5	-9.318572E-5	3.550750E+2	3.552670E+2	1	2
355.637000E+0	9.262222E+1	1.563189E+3	1.000000E-6	9.286273E-5	-9.238171E-5	3.555410E+2	3.557330E+2	1	2
356.101500E+0	9.192550E+1	1.567790E+3	1.000000E-6	9.243833E-5	-9.141267E-5	3.560060E+2	3.561970E+2	1	2
356.562000E+0	9.110623E+1	1.572388E+3	1.000000E-6	9.180888E-5	-9.040358E-5	3.564670E+2	3.566570E+2	1	2
357.020500E+0	9.042484E+1	1.576989E+3	1.000000E-6	9.113931E-5	-8.971037E-5	3.569260E+2	3.571150E+2	1	2
357.477000E+0	9.011481E+1	1.581590E+3	1.000000E-6	9.105210E-5	-8.917753E-5	3.573830E+2	3.575710E+2	1	2
357.932000E+0	8.972929E+1	1.586192E+3	1.000000E-6	9.091532E-5	-8.854325E-5	3.578380E+2	3.580260E+2	1	2
358.388500E+0	8.921888E+1	1.590790E+3	1.000000E-6	9.033537E-5	-8.810239E-5	3.582940E+2	3.584830E+2	1	2
358.847000E+0	8.912926E+1	1.595393E+3	1.000000E-6	9.038014E-5	-8.787838E-5	3.587520E+2	3.589420E+2	1	2
359.307500E+0	8.874499E+1	1.599992E+3	1.000000E-6	9.013264E-5	-8.735734E-5	3.592120E+2	3.594030E+2	1	2
359.770500E+0	8.841962E+1	1.604589E+3	1.000000E-6	8.988034E-5	-8.695890E-5	3.596750E+2	3.598660E+2	1	2
360.233500E+0	8.836066E+1	1.609180E+3	1.000000E-6	8.985205E-5	-8.686927E-5	3.601380E+2	3.603290E+2	1	2
360.695500E+0	8.819675E+1	1.613782E+3	1.000000E-6	8.995101E-5	-8.644249E-5	3.606000E+2	3.607910E+2	1	2
361.157000E+0	8.789026E+1	1.618379E+3	1.000000E-6	8.961386E-5	-8.616665E-5	3.610620E+2	3.612520E+2	1	2
361.615500E+0	8.781365E+1	1.622980E+3	1.000000E-6	8.971529E-5	-8.591202E-5	3.615210E+2	3.617100E+2	1	2
362.074000E+0	8.752721E+1	1.627582E+3	1.000000E-6	8.980254E-5	-8.525189E-5	3.619790E+2	3.621690E+2	1	2
362.532000E+0	8.756724E+1	1.632182E+3	1.000000E-6	8.994394E-5	-8.519054E-5	3.624370E+2	3.626270E+2	1	2
362.991000E+0	8.755194E+1	1.636786E+3	1.000000E-6	8.996520E-5	-8.513867E-5	3.628960E+2	3.630860E+2	1	2
363.451500E+0	8.765215E+1	1.641386E+3	1.000000E-6	8.998170E-5	-8.532259E-5	3.633560E+2	3.635470E+2	1	2
363.912500E+0	8.742580E+1	1.645982E+3	1.000000E-6	8.994866E-5	-8.490294E-5	3.638170E+2	3.640080E+2	1	2
364.374000E+0	8.739044E+1	1.650586E+3	1.000000E-6	9.008312E-5	-8.469775E-5	3.642790E+2	3.644690E+2	1	2
364.835500E+0	8.735028E+1	1.655185E+3	1.000000E-6	9.021971E-5	-8.448085E-5	3.647400E+2	3.649310E+2	1	2
365.296500E+0	8.728787E+1	1.659785E+3	1.000000E-6	9.016797E-5	-8.440778E-5	3.652010E+2	3.653920E+2	1	2
365.757000E+0	8.736800E+1	1.664385E+3	1.000000E-6	9.049095E-5	-8.424505E-5	3.656620E+2	3.658520E+2	1	2
366.216000E+0	8.711338E+1	1.668985E+3	1.000000E-6	9.025758E-5	-8.396918E-5	3.661210E+2	3.663110E+2	1	2
366.675500E+0	8.730555E+1	1.673565E+3	1.000000E-6	9.047918E-5	-8.413193E-5	3.665810E+2	3.667700E+2	1	2
367.135000E+0	8.725365E+1	1.678158E+3	1.000000E-6	9.086109E-5	-8.364620E-5	3.670400E+2	3.672300E+2	1	2
367.589500E+0	8.731615E+1	1.682750E+3	1.000000E-6	9.089648E-5	-8.373582E-5	3.674900E+2	3.676890E+2	1	2
368.050000E+0	8.733500E+1	1.687339E+3	1.000000E-6	9.090352E-5	-8.376649E-5	3.679500E+2	3.681500E+2	1	2
368.506000E+0	8.727370E+1	1.691930E+3	1.000000E-6	9.095540E-5	-8.359199E-5	3.684110E+2	3.686010E+2	1	2
368.967500E+0	8.716873E+1	1.696531E+3	1.000000E-6	9.103787E-5	-8.329959E-5	3.688720E+2	3.690630E+2	1	2
369.428000E+0	8.727130E+1	1.701131E+3	1.000000E-6	9.119583E-5	-8.334678E-5	3.693330E+2	3.695230E+2	1	2
369.889000E+0	8.711218E+1	1.705734E+3	1.000000E-6	9.123125E-5	-8.299311E-5	3.697940E+2	3.699840E+2	1	2
